Date,Favorite_count,Followers,Full_text,Id,Judge,Name,Nega_score,Posi_score,Retweet_count,link
Fri Dec 13 22:13:51 +0000 2019,,6800.0,"君、すごい食い方やな
 https://t.co/yRTGvd43wT",1205611819517087744,positive,kyounoiyashi_,31.0,75.0,,
Fri Dec 13 18:42:39 +0000 2019,,1564.0,"絶対断らないと評判の病児保育室、助成金下りず2億円の赤字を出し閉鎖

全国に2886カ所ある病児保育室の多くが赤字で運営されており、東海キッズケアは市の助成金を求め2万人以上の署名を集めましたが助成金が下りることはありませんでした

社会保障に税金は使われませんね。 https://t.co/gnSq1giDON",1205558666922876928,positive,lynn57008569,148.0,168.0,,
Fri Dec 13 17:30:31 +0000 2019,,2217.0,"全国の皆さんへ
どうか皆様のお力を貸してください。

１日も早く娘を助けたいです。

家族揃って笑顔でクリスマスや新年を迎えたいのです…。 

娘の目撃情報、娘に繋がる些細なことでもご連絡ください。

ご連絡先→大月警察暑電話 0544-22-0110
もしくは、最寄りの警察署へ

#拡散希望 #小倉美咲 https://t.co/evtJqrOgum",1205540515619328000,positive,dogcatbuddy,50.0,129.0,,
Fri Dec 13 17:04:19 +0000 2019,,3756.0,o0( 歴史上、さんざん他国の料理を魔改造してきた我が国が「寿司ポリス」などどは片腹痛い！あらゆる文化は他の文化を独自に解釈していいし、それがイノベーションを生むのだ！と思ってきた。しかし今、ヘルシンキで〈クリスマストッピング•バナナ巻き寿司〉を前にして、俺の寛容さが試されている。 https://t.co/KqAp2EUaAU,1205533920353107968,positive,J_Steman,85.0,137.0,,
Fri Dec 13 16:50:01 +0000 2019,,7363.0,百合関係図です。 https://t.co/hZxIYOsSag,1205530325708787712,positive,2015chaosgroup,58.0,82.0,,
Fri Dec 13 16:05:01 +0000 2019,,12842.0,ヒンバスとコイキングのおはなし。 https://t.co/PdBWw9avgE,1205519000416817152,positive,moongrass_,26.0,117.0,,
Fri Dec 13 15:25:24 +0000 2019,,6118.0,アメタマの鳴き声があの曲に聞こえたので https://t.co/VHfUr14xwg,1205509029423796226,positive,kiji0621__,28.0,60.0,,
Fri Dec 13 13:38:46 +0000 2019,,10999.0,これすんごい。GABAのフォースリープ、ツイッターで人気だったから半信半疑で夜に3粒食べてみたら昨日めちゃぐっすり眠れた…例えるなら旅行中に1日気持ち良く遊び疲れた日の夜みたいな睡眠クオリティ。しかも味がまろやかなミルク感あるチョコで好みすぎる。目安は一日3粒で、GABAが100mg摂れるみたい https://t.co/RadSRQlaRd,1205482193306341377,positive,012_shiro,78.0,97.0,,
Fri Dec 13 13:29:07 +0000 2019,,56685.0,"TVアニメ「Ｄｒ．ＳＴＯＮＥ」第2期制作が決定いたしました！第1期をご視聴・応援くださっている皆様、本当にありがとうございます！

“STONE WARS”に向け、決意を誓う千空・クロム・ゲンの新カット＆実写実験による、スペシャル映像も公開！

引き続きよろしくお願“石”ます！！

#ドクターストーン2期 https://t.co/YLeanSLpzY",1205479767220183040,positive,STONE_anime_off,20.0,156.0,,
Fri Dec 13 13:20:38 +0000 2019,,6555.0,"例のG40ガンダム。
今までのフレームを意識した構造でなくモノコック構造っぽい設計でよく動きます。
今までに無い可動箇所が多く、
エッチなポーズも決まります。

賛否あるアイテムですが他で見ない面白い設計なので、一度は触るべきですね。各地で売り切れてますし見かけたら買っても損はないかと。 https://t.co/UhamhBoSyL",1205477631593828353,positive,ryuichizzz,59.0,80.0,,
Fri Dec 13 13:03:14 +0000 2019,,5904.0,ある日祖父母の家に行ったら何故か2人とも大号泣してて何事かと理由を聞いたら、祖父「ばぁさんにケーキあげたくて秘密で買いに行ったら叱られた」祖母「じぃさんが突然いなくなって心配だった」と双方泣きじゃくってて、「な…なんなんだ…この可愛い生き物たちは……」と衝撃だった。,1205473250798686214,positive,Bearchen_news,33.0,156.0,,
Fri Dec 13 12:53:04 +0000 2019,,247826.0,"【TV】
2019年12月27日(金)  昼12時～23時10分
テレビ朝日「ミュージックステーション ウルトラ SUPER LIVE 2019」にミュージカル『刀剣乱舞』 刀剣男士の出演が決定しました！

※お住まいの地域のテレビ番組表をご確認ください。

https://t.co/ZwFZdTXcDG

#刀ミュ",1205470691924955136,positive,musical_touken,17.0,85.0,,
Fri Dec 13 12:32:10 +0000 2019,,12162.0,"放送事故wwwwwwwwwwwwwww

 https://t.co/1BqtOEfNKA",1205465431932203008,positive,Sayonarachan123,39.0,48.0,,
Fri Dec 13 11:13:27 +0000 2019,,703139.0,"みんなにも「ユニクロのパーカーはチャックの音が良い」ということを知ってほしくて、チャックの音を使った曲を作りました。

着心地とかは普通です。 https://t.co/qrmyh7fO6k",1205445625396940802,positive,ARuFa_FARu,34.0,150.0,,
Fri Dec 13 11:01:06 +0000 2019,,640643.0,"13日の金曜 ジェ ジェ 
ミケランジェロ👅

School of IKB 🏫📚
ぶちアガる大前提に公開完成品 

ヒプマイchがいつもの溜まり場🍻
アーイ🙌

https://t.co/xHkRTEvQUe https://t.co/xM2ePrMKBj",1205442516511674369,positive,hypnosismic,59.0,163.0,,
Fri Dec 13 10:56:42 +0000 2019,,13193.0,パパ活女子が貧乏ばかりだと思っている人多いけれど、親から高級な物を与えられ不自由なく育ち、大学生になった途端いきなり自活しろ。と言われ、「時給1000円では買えるものが何もない…」とか言い出す子育てに失敗した親が生み出した怪物も結構な割合で存在している。,1205441408724656130,positive,RUUMM151,144.0,160.0,,
Fri Dec 13 10:50:16 +0000 2019,,16306.0,"ねぇすごい衝撃だったんだけど
今までこれ食べた事ない国民なんて存在しないと思ってた！！！！！！

…なんと関西でしか売れてないらしいよ…
全体販売金額の93％が近畿2府4県なんだって…
まじで関西出身のみんな、この事実信じられる…？？？！！ https://t.co/kHIzOQKQJf",1205439789505212416,positive,odamari000,45.0,85.0,,
Fri Dec 13 09:58:44 +0000 2019,,19024.0,GACKT様がインタビューで、何かに挑戦しようとする先にあるのは「成功」と「失敗」の分かれ道ではなく、「失敗」の連続の先にある「成功」への一本道って言ってた。何を成功とするかはともかくとして、GACKT様だなって思ったので図にしてみた。 https://t.co/DVewqNeR2B,1205426818951442432,positive,matsuzakichikai,169.0,210.0,,
Fri Dec 13 09:41:40 +0000 2019,,286739.0,"保育士実録　でこ先生

第122話　嫉妬心 https://t.co/Dd51ef2ExP",1205422524441325569,positive,Dekopon_56,33.0,94.0,,
Fri Dec 13 09:16:07 +0000 2019,,661.0,"煙草風リップめっちゃ可愛くないですか？？？既存の煙草のパッケージのオマージュもあるけど、全体的にパケ買いしてしまうレベルでデザインすき…
封を開けると中に細身のリップが4種類ずつ入ってるから、1箱持ってれば色々なメイクに対応出来ちゃうし、しかもリップのデザインも煙草みたくて良き～🥰 https://t.co/nuGGUoZnFJ",1205416095491883008,positive,sigureni_3100,79.0,121.0,,
Fri Dec 13 08:53:35 +0000 2019,,19650.0,"【農家から切実なお願い】

白菜に『黒い点』があっても

食べてください！
食べてください！
食べてください！

この黒い点は『ポリフェノール』なのです！

急激な寒さにあたると発生する生理現象で、凍結しないようにと環境に対抗したので甘みがあって美味しいのです！

ぜひ召し上がってください！ https://t.co/OsQWMmEaWJ",1205410424964833280,positive,manomano_farm,83.0,116.0,,
Fri Dec 13 06:24:09 +0000 2019,,481937.0,"コスメティックブランド
【M･A･C】とコラボレーション✨

詳細は近日公開予定♬

【M･A･C】 Instagram
https://t.co/3BtFi43bKZ

【M･A･C】Twitter
@maccosmetics_JP 

#MACXNissy
#MAC
#Nissy
#西島隆弘
#お楽しみに♬

#皆様おひさしぶりです✌️ https://t.co/UTl0zPvMj7",1205372817119690753,positive,NissyStaff,50.0,149.0,,
Fri Dec 13 05:25:49 +0000 2019,,358.0,なんやお前何わろってんねん https://t.co/8b9wcw0lVd,1205358140406956033,positive,guilty_XII_,30.0,44.0,,
Fri Dec 13 05:09:13 +0000 2019,,14845.0,"「ねずみポケモン」のピカチュウをはじめとする、でんきタイプのポケモンたちのグッズが、2020年1月1日（水・祝）登場！
https://t.co/oLWjWpFKPj 

ひゃあああああああ！！！！！！！
歴代の子たち大集結！新年会ですね😭🙏 https://t.co/ryBG0qSNm2",1205353961202409472,positive,hinopika,16.0,50.0,,
Fri Dec 13 03:00:09 +0000 2019,,38657.0,"お待たせしました！
メインビジュアル完成です！！

#麒麟がくる
#長谷川博己
#明智光秀 https://t.co/aQQUIgmL7n",1205321480499847169,positive,nhk_kirin,58.0,156.0,,
Fri Dec 13 01:53:05 +0000 2019,,1683.0,イノシシで思い出すのは我が地元愛媛のこちら https://t.co/nxLPQmCs6y,1205304601131409408,positive,NEW_GUNDAM,54.0,122.0,,
Fri Dec 13 01:48:19 +0000 2019,,456.0,欲しすぎる... https://t.co/1uI7C7kt3B,1205303404035096576,positive,mocaikeda,54.0,59.0,,
Fri Dec 13 13:51:22 +0000 2019,,759.0,ご飯が出てくるのをいい子にして待ってますみたいな顔してるけど、そもそもそこはあなたの席ではありません https://t.co/o67uS6sBAq,1205485364040749058,positive,beigeulbx,24.0,84.0,,
Fri Dec 13 11:01:56 +0000 2019,,18994.0,"日本の美しさを感じる場所でした。

縦写真なのでタップお願いします🙇‍♂️ https://t.co/GfX0CkB75w",1205442726700843009,positive,Sugimoto_Yuya_,27.0,119.0,,
Mon Dec 16 14:36:54 +0000 2019,,2866.0,実に、これなんだよなあ https://t.co/FSVGnFIM1X,1206583988397068288,positive,nordpol2017,81.0,162.0,,
Mon Dec 16 14:08:20 +0000 2019,,161.0,"わたしは💢💢💢コカ•コーラを💢💢💢許さないぞ💢💢💢私は九州の檸檬堂がいいのだ💢💢💢国民を騙すな💢💢💢
わたしの味覚の記憶は正しかった！！！いもちゃん！！！ただしかったよ！！！
お金を振り込むので９%を箱で送って欲しいです📦 https://t.co/iuLEYLxmRI",1206576797875236871,positive,TNAmayo__KTR,101.0,158.0,,
Mon Dec 16 12:49:36 +0000 2019,,4171.0,"そういえばアマゾンのレビュー、あんまりクソ中華業者が詐欺レビューしまくってるので
「日本からのレビューを見る」
っていうのにいつのまにか変わってるな。

ありがとう。アマゾン。 https://t.co/rFVwMlWAVr",1206556985950269441,positive,kanorin,66.0,73.0,,
Mon Dec 16 12:22:56 +0000 2019,,3314.0,ご　つ　盛　り https://t.co/szjt6HgkSp,1206550273906245633,positive,Mios1225sp,33.0,86.0,,
Mon Dec 16 11:26:03 +0000 2019,,3983.0,"実は俺は創作をたまにする人なんだけど、そのモチベーションが「俺が見たいものがこの世にないから仕方なく俺が作ってる」なんだけどわかる人いるかしら

既にこの世にあったら俺は確実に手を動かしてないんですよ

分かってくれる人絶対いる",1206535958675345409,positive,kanakawa12,79.0,100.0,,
Mon Dec 16 11:06:26 +0000 2019,,1780.0,同僚女性から「息子が仮面ライダーにハマったけど、ライダー同士が喧嘩するのが悲しくて見られないと泣くので、味方が仲良く協力して怪物とだけ戦うシリーズありませんか？中古の玩具が手に入りやすそうな数年以内の作品だと助かります…」って相談されたんですけどライダーオタクの皆さん助けて下さい,1206531022742884352,positive,pillxpill,107.0,166.0,,
Mon Dec 16 09:00:00 +0000 2019,,501699.0,"★A3! イベント配信情報★ 
明日のメンテナンス終了後より、シーズンイベント『ここは大奥 花の園』を配信いたします。
お江戸パークからの依頼により公演を行うことに。しかし、公演のテーマが「大奥」ということが判明！腹をくくった６人の姫と将軍で臨むことになるが――。   #エースリー https://t.co/03nTwqoa5j",1206499203314155520,positive,mankai_company,58.0,132.0,,
Mon Dec 16 06:47:05 +0000 2019,,5538.0,"さきほど、漁師さんから「珍しい白いナマコが獲れた」と連絡があり、当館に持ってきていただきました。
まるで漂白したかのような白さ・・・マナマコの突然変異と思われます。
白色のものは珍しく、稀にしか発見されません。
特別展会場で明日から展示予定です。是非ごらんください！ https://t.co/FcmLt1sJ17",1206465754872209408,positive,shimamarineland,15.0,35.0,,
Mon Dec 16 06:30:06 +0000 2019,,10952.0,イメージと現実とのギャップすごい https://t.co/9eyxpVzQTZ,1206461479420973056,positive,sativa_high,131.0,141.0,,
Mon Dec 16 06:22:44 +0000 2019,,132219.0,20億年ぶり作曲マン🎻 https://t.co/5bis1WmmrY,1206459626603986944,positive,MikanseiP,28.0,101.0,,
Mon Dec 16 05:45:55 +0000 2019,,3215.0,"わかってて女しか見ない場所に置く女もいるから男性に防ぐことは無理なので、心してみるように😉
 https://t.co/yfs0ZHgFcQ",1206450360673546240,positive,r8ckr,48.0,79.0,,
Mon Dec 16 05:00:55 +0000 2019,,12967.0,"【いつも応援してくださっている皆様へ大切なお知らせ】

このたび、バーチャルYouTuber事務所「ENTUM」は2019年12月31日（火）をもちまして活動を終了とさせていただく運びとなりました。
詳しくは以下をご確認ください。

https://t.co/4Nz5HQx5cD",1206439037671591936,positive,entum_info,63.0,77.0,,
Mon Dec 16 04:07:18 +0000 2019,,34296.0,「男の子が女の子みたいだといじめられるから、矯正すべき」というのはおかしな考え方だ。小学校の同級生で、妹の影響でリカちゃん人形を好きな男の子がいたが、誰も彼をいじめなかった。背が高く太っていて、少しでも馬鹿にされると大暴れするので。やはり趣味嗜好や容姿より何より暴力が大切。,1206425543349923840,positive,kamozi,178.0,223.0,,
Mon Dec 16 02:51:46 +0000 2019,,24057.0,産まれたばかりの 乳児視点のお話 ① https://t.co/uUvrixaqgU,1206406536773300224,positive,zenbutukawarete,58.0,128.0,,
Sun Dec 15 18:07:54 +0000 2019,,2099.0,"AbemaTV攻めるなぁw
クリスマスにSchool Days一挙放送w https://t.co/Erzmfp11OI",1206274701430886401,positive,swd_38_,52.0,88.0,,
Sun Dec 15 16:46:51 +0000 2019,,50371.0,さび←ねず　※錆兎生存if https://t.co/6BZZU5OsWL,1206254301934276609,positive,Skbkosr,54.0,131.0,,
Sun Dec 15 14:00:00 +0000 2019,,275604.0,"【お知らせ】あんさんぶるスターズ！！MusicショートMV公開！！
本日は『Knights』の『Voice of Sword』です！
こちらはサインパネルプレゼントの対象ツイートです！詳細はサイトをご覧ください
https://t.co/M6eEwfjPv3
#あんスタサインプレゼント #朱桜司 #月永レオ #瀬名泉 #朔間凛月 #鳴上嵐 https://t.co/d5DWCZrgqk",1206212313658740736,positive,enstars_music,39.0,141.0,,
Sun Dec 15 11:57:01 +0000 2019,,738722.0,"ふたご座流星群の流れ星、12連発。
本日未明に撮影した動画から流星が写っている部分をつなげました。
実際のスピードで再生されます。（茨城県にて撮影） https://t.co/SqcPyrnezL",1206181363017084928,positive,KAGAYA_11949,21.0,116.0,,
Sun Dec 15 11:00:25 +0000 2019,,48384.0,💖 #BTS から大切なお知らせです💖本日15日(日)京セラドーム大阪で行われた『BTS JAPAN OFFICIAL FANMEETING VOL.5 [MAGIC SHOP]』の模様がTBSチャンネル１でTV初独占放送されることになりました♪メンバーから最新のメッセージが届きましたので初公開します💜ぜひ見てね♪  https://t.co/4WpHNWlSV2 https://t.co/Mo6SUgFfKe,1206167120892948481,positive,tbschannel,29.0,127.0,,
Sun Dec 15 09:48:56 +0000 2019,,1508.0,"毎年ロシアで開催される大規模サバゲー

もう色々と、やばいっす https://t.co/PWDfF6Dvbt",1206149130864619520,positive,hide32gtr91,36.0,81.0,,
Sun Dec 15 09:25:05 +0000 2019,,2085044.0,偶然にしちゃ出来すぎてるぞ😡 https://t.co/mvv5jMIZA1,1206143129432182784,positive,brianjesse1,20.0,26.0,,
Sun Dec 15 08:25:51 +0000 2019,,1.0,使ってるコ○ドームの種類と使う男のタイプに対する個人的な偏見です。 https://t.co/efNoV1T158,1206128222070460417,positive,18556,42.0,52.0,,
Sun Dec 15 07:43:06 +0000 2019,,255.0,なぜクレカ会社はお客様に寄り添うためにリボ払いの名前を変えるという発想になるのか https://t.co/Kd0GtWVANS,1206117461780598784,positive,kuma_amex,128.0,134.0,,
Sun Dec 15 05:45:06 +0000 2019,,1541.0,ものすごく簡単な基準ですが、表紙に著者の顔写真が載ってる本には手を出さない。これだけで驚くほどQOL上がる。 https://t.co/pbWEp5F4nJ,1206087766192222209,positive,djarum1973,81.0,102.0,,
Sun Dec 15 04:11:45 +0000 2019,,6615.0,"弁護士事務所のＣＭは過払い金とかそういうのばかりだけど、

「飲食店の無断キャンセル？　裁判はお任せください！」
「イラストの無断転載？　裁判はお任せください！」
「映画館でスマホ使う奴がいる？　裁判はお任せください！」

とかそういうＣＭ、ガンガン流してくれたら世の中がよくなりそう。",1206064275434815488,positive,sawamurafuumi,190.0,191.0,,
Sun Dec 15 03:13:39 +0000 2019,,1567.0,艤装、動きます👏 https://t.co/9SuujzhdGv,1206049653856202752,positive,Saaakyo,32.0,77.0,,
Sun Dec 15 03:08:40 +0000 2019,,1953.0,笑った https://t.co/NxzzqhEr8b,1206048398379405312,positive,reonekimemo,15.0,52.0,,
Sun Dec 15 03:05:30 +0000 2019,,21914.0,罰ゲームで陽キャが陰キャに告白する話 1/13 https://t.co/IlTXq8kBmJ,1206047604196298752,positive,asadako,38.0,122.0,,
Sun Dec 15 02:39:05 +0000 2019,,2779.0,"あんまりにもお客さん来なくて早くも廃業しそうなので、メニュー看板出してみたり試行錯誤中です 。

怖い店じゃないですよ！
怪しい店じゃないですよ！
フラッと入ってくれていいんですよ！ https://t.co/sQGbJ3va0z",1206040956815855617,positive,toyokuni_nikai,66.0,163.0,,
Fri Dec 13 10:46:57 +0000 2019,,33730.0,俺はこれ以上に酷いゲームのバグを知らない https://t.co/sjjfrXcJDS,1205438956206092288,negative,harukumo0,56.0,50.0,,
Fri Dec 13 02:34:02 +0000 2019,,13940.0,こんなに哀しい４コマ漫画あるかよ https://t.co/lqGqEfY5vY,1205314907081592833,negative,neppatsu,142.0,116.0,,
Fri Dec 13 08:58:18 +0000 2019,,871.0,"損保ジャパンお断りの病院みつけたわ💦　まぁ酷いんだろうねぇ。
https://t.co/AK3NOTCRCd https://t.co/kS19ZSZbvV",1205411612288372736,negative,yamamaya3,227.0,118.0,,
Mon Dec 16 12:34:39 +0000 2019,,247.0,"今日近隣のスーパー(うちではない)に税務署の査察が入って大騒ぎ。しかもターゲットは青果。なんで？
と思ってたら、ゆず(わかります？みかんの親戚で鍋物にいい香りのアレ)を冬至の柚子湯に、とオススメすると食品じゃないので軽減税率の対象外になるんですって。うわーめんどくさい❗️",1206553222732644352,negative,threepigsmama,137.0,81.0,,
Mon Dec 16 09:18:00 +0000 2019,,10496.0,クラスに1人はいる関わってはいけない陰キャが大人になってしまった末路 https://t.co/mcozZG2iBM,1206503735456747521,negative,reiwa_kusa,64.0,59.0,,
Mon Dec 16 05:31:56 +0000 2019,,2396.0,"さっき、日本人の観光客（レンタカー）の60歳〜70歳前後の方が、禁止区域でタバコを吸っていたので注意しました

「えらそうにいうなよ、おまえ」

とのことでした

神主も「おまえ」って言われる時代になり、注意しても逆ギレする大人が増えました

それでも注意喚起しないといけな立場は辛いもんです",1206446843829186560,negative,watazumi55,214.0,171.0,,
Mon Dec 16 01:23:43 +0000 2019,,579.0,一般家庭の前に不要になったものに「ご自由にお持ちください」ってあったりするけど、ウチのご近所にある特殊メイク造形会社のそれはレベルが違う。昼出てて深夜にもあった(でしょうよ https://t.co/5i45Rns3dD,1206384376365248512,negative,elwakan,42.0,38.0,,
Sun Dec 15 12:57:04 +0000 2019,,1387.0,姉が鮭焼いたの忘れて灼熱の鮭みたいなのできててつい撮ってしまったので供養 https://t.co/VeIRxpdcbO,1206196474364588033,negative,saltdsalt0,46.0,18.0,,
Sun Dec 15 10:58:30 +0000 2019,,1814.0,"家の近くで酷い当たり屋に出くわした。前輪に激突してきてわざとらしく倒れ込んでアピールする悪質さ。
幸いにも動画を撮影してたので、被害はなく。犯人は暗がりに逃走していった。
コイツは良く現れる常習犯と見られる。 https://t.co/6hjJA3MtTO",1206166639210680320,negative,knob_twitt,143.0,64.0,,
Sun Dec 15 06:50:27 +0000 2019,,837.0,税金を投入して自転車専用とペイントしたレーンを作りましたが自転車は走れませんでした😂 https://t.co/uI6gBI8nkF,1206104212771180545,negative,take0204,140.0,72.0,,
Sun Dec 15 02:25:41 +0000 2019,,529.0,高校のころ、友人の『カーネルおじさんのリボンが手足にしか見えない』という一言から、それにしか見えなくなった呪いにかかってしまったので、これを見た全員かかってしまえばいい。 https://t.co/BFbi19DEDK,1206037584184406016,negative,Celeron_ymd,80.0,40.0,,
2019-12-12 23:40,,627.0,"ウスタビガが羽化するところを、初めて見ました。こんなに足バタバタさせて、よっこらっしょと出てくるんだ。もふもふ感とあわせて、たまりません(≧∇≦)
本当は、繭の出口に、もふもふの毛が見え始めた頃から目撃したけど、録るの間に合わなかった。#ウスタビガはいいぞ #もふもふ https://t.co/Tp7NTz7jlB",1205271257219907584,positive,Photoinsect,89.0,124.0,,
2019-12-12 15:42,,566.0,野生のヌオーちゃんたちに囲まれたい人生だった #ポケモン剣盾 #NintendoSwitch https://t.co/n6ZtFXzhqB,1205150856703692800,positive,nuoist,22.0,73.0,,
2019-12-12 14:25,,348.0,ツイッターランドにお嬢様ミームが吹き荒れてるので、以前書いた叙述トリックお嬢様を読んで欲しいですわ！ https://t.co/3prqX2K3RY,1205131620509863938,positive,murai_r,55.0,58.0,,
2019-12-12 12:32,,508.0,"妹｢ラーメンズの思い出せないコントあるんだよね｣

僕｢どんなの？服の色は？｣

妹｢白…だった気がする｣

僕｢じゃあ『home』から『雀』のどれかだろうね。他には？背景が青だったとかギリジンが髪結んでたとか、セリフ一つだけでも分かるんだけど…｣

妹｢ラーメンズ検索アプリみてぇな奴だな｣",1205103057446375424,positive,MARattheTHEATER,33.0,78.0,,
2019-12-12 11:30,,5792.0,"先日行われた神社での消防訓練。
消防士「火事がおきたらまず何を優先して行動すべきですか？」
禰宜「御神体」
出仕「御神体」
巫女「御神体」
消防士「…自身と参拝者の身の安全です」
消防士さんのどん引きしたお顔が忘れられません。申し訳ありませんでした。",1205087422624649216,positive,jinjamiko,72.0,147.0,,
2019-12-12 11:11,,346958.0,トロッゴンまんが　#ポケモン剣盾 https://t.co/GjxFVJocov,1205082802099671041,positive,pageratta,43.0,114.0,,
2019-12-12 09:47,,3297.0,"メタリカ (Metallica) のギタリスト、 James Alan Hetfieldが前座を務めたイラクのヘビメタバンド""Acrassicauda""のギタリストにギターをプレゼント。ヘビメタはイスラム教では禁じられており、彼らは「死刑になる覚悟」でバンド活動をしています。その勇気を称えてのHetfieldの男気です。泣けました。 https://t.co/l5KvWdLGKX",1205061643282989056,positive,yazaki_ken,57.0,121.0,,
2019-12-12 06:30,,34979.0,ダルビッシュのレスバ面白すぎるのどうにかしてくれw https://t.co/gnZOqWQYel,1205011927560151041,positive,Kobatodafu,78.0,121.0,,
2019-12-12 06:01,,144774.0,日本中に感動の渦を巻き起こした『STAND BY ME ドラえもん』が、スクリーンに帰ってくる！！『STAND BY ME ドラえもん ２』2020年8月7日(金)公開！！https://t.co/dRqVvzh1aS https://t.co/5vVSXybuLQ,1205004604494106624,positive,doraemonChannel,30.0,69.0,,
2019-12-12 04:24,,1203.0,"【朗報】pornhub勢力図2019が公開

HENTAI帝国からJAPANESEが独立、大東亜共栄圏を構成、中国全土を攻略した模様 https://t.co/1Ah5vyai1A",1204980322535821312,positive,dfwEG1v6LJ6Lit6,49.0,102.0,,
2019-12-12 03:17,,544.0,"この落としものを落とした人誰や！
財布より落としたらあかんやろ。
内幸町の駅員に落とし物として届けておきました。

落とし主が見つかる事を願ってます。 https://t.co/mh4gDzNZTv",1204963484343029760,positive,TanRen1030,44.0,103.0,,
2019-12-12 02:34,,7840.0,持っていた葉を食べ終え、次の葉を取って再び食べ始めるエゾモモンガ。 https://t.co/SEjR69Kbi7,1204952522336550914,positive,Popshiretoko360,23.0,92.0,,
2019-12-12 15:28,,4728.0,は？？？　#ワンオペ育児 https://t.co/ntXLH7uGwg,1205147480519663617,negative,emimisuto,150.0,119.0,,
2019-12-12 14:01,,190.0,"この動画ただ単に大型を悪者扱いしたいだけでしょ？
そもそも撮影車が追越車線ブロックしてるから悪質すぎ
#煽り運転 https://t.co/kdfjpgui21",1205125540799082498,negative,steel_mori,168.0,86.0,,
2019-12-12 03:33,,24753.0,職場に「今日はタイトスカートなんですね」「そのセーターきれいな色」「あれ？メイク変えました？」「最近はランチはパンが多いんですね」などなど顔を合わせるたびに「私｣について言及してくる女性がいて、その女性が退職した。申し訳ないがホッとしている。なんか監視されてるみたいで不快だった。,1204967376451563520,negative,miomiopyonkichi,191.0,169.0,,
2019-12-11 15:11,,3604.0,12/12は山に入ってはダメというお話。① https://t.co/zBH3cAkUF9,1204780780943106050,positive,snse_8,48.0,136.0,,
2019-12-11 11:13,,23247.0,"あとをつぐもの1/4

雷兄弟を拗らせた結果の救済ルート妄想です
捏造です
※無限城戦後、鬼がまだいる世界線 https://t.co/tnfweUpTSO",1204720905949044741,positive,mixedsoramame,81.0,183.0,,
2019-12-11 09:05,,15644.0,バンド「デイズオンユース」始まりの物語１ https://t.co/3gKYU04tp4,1204688699633455104,positive,3knt28,44.0,104.0,,
2019-12-11 15:39,,1142.0,10年前からタイムスリップしてきた女の子4コマ https://t.co/c6ezDHMm1h,1204787912572694530,negative,kaporu_,34.0,25.0,,
2019-12-11 15:24,,9763.0,ジュラルドン、そんなに軽かったのかとビックリした。 https://t.co/tJ8DWTjDbP,1204783950628941825,negative,sukima3G,51.0,43.0,,
2019-12-10 22:17,,40895.0,"待望の最新作放送まで、あと２週間！

『水曜どうでしょう』6年ぶりの最新作、12・25放送開始 | ORICON NEWS https://t.co/F91ijh5QaW",1204525681893236736,positive,FujiyanUresii,29.0,63.0,,
2019-12-10 12:50,,835.0,天皇ですら人間宣言したのにただの客が神様なわけねぇだろボケナス大逆罪共が,1204382985706885120,positive,punpun__ka,46.0,76.0,,
2019-12-10 11:06,,11937.0,鈴木武蔵の代表初ゴール後に、ネズミとネコが追いかけっこしていた https://t.co/DNq6LgCMK6,1204356712255246337,positive,rin41799,22.0,35.0,,
2019-12-10 10:00,,7231.0,野球場に飯を食いに行く女の話 1/7 https://t.co/zxjW0U42f8,1204340190409445377,positive,675pixel,45.0,205.0,,
2019-12-10 11:06,,1804.0,【速報】中国のカンフーサッカーは健在 https://t.co/dxRfVoxHPx,1204356594428833793,negative,wearereds__,86.0,55.0,,
2019-12-09 22:41,,3388.0,寒い地域なのに黒タイツさえ履くことが認められてない校則を変えようと、生徒たちが親を含めて全校生徒にアンケートを集めて9割の賛成票を貰ったにも関わらず、大無能校長が「変える理由が見当たらない」の一言で校則の変更を認めなかった事案がNHKで特集されてた,1204169228439285760,negative,limeline1551,141.0,106.0,,
2019-12-17 15:11,,544.0,"民家にハム太郎描いちゃうようなワルです卍
#r6s

https://t.co/DdAulC1uaM https://t.co/fiX1fXKyW4",1206955125601755136,positive,Ranshi_chan,30.0,105.0,,
2019-12-17 15:05,,251212.0,あなたが大好きです。 https://t.co/Z0PQjoSUBF,1206953645209739264,positive,shinetter,30.0,183.0,,
2019-12-17 13:39,,20760.0,"NHK「日本のアニメ業界は、ディズニーの1/10の低予算で高品質の作品を作ってます。なぜそんな事ができるのでしょう？強さの秘密に迫ります」
「アニメーターさんが、最低賃金以下の時給200円で絵を書いて、生活できない所は親の仕送りかバイトに頼っているからで、それは業界の強さでなく弱さだよ…」",1206931874217517062,positive,Hikikomori_,121.0,171.0,,
2019-12-17 12:31,,17756.0,"友人がキバナさんをポケモンと勘違いしていたので…
キバナさんはポケモンじゃありません！🙅‍♀️ https://t.co/8FHI5R5P4n",1206914937731174407,positive,haruno102030,51.0,91.0,,
2019-12-17 10:57,,580.0,脱がしてこんな下着付けてたらうわっデオキシスやん…ってなるやん https://t.co/Qt48whywED,1206891258087559169,positive,mrk_pim,24.0,30.0,,
2019-12-17 10:52,,26507.0,"上司のお酌を丁寧に断るOL
How to refuse when your boss offers you a drink https://t.co/3u5ZsDiLSl",1206889993202876418,positive,sshun3,43.0,125.0,,
2019-12-17 10:33,,206398.0,リシューではスタッフの間でもポケモンが流行ってます https://t.co/OVlcWsEJtB,1206885007010062337,positive,george_10g,22.0,94.0,,
2019-12-17 10:02,,811206.0,キャラクターデザインをご担当いただいた津田穂波氏より豊前江、桑名江、そして松井江のゲーム実装記念描き下ろしイラストを頂きました！篭手切江、豊前江、桑名江、松井江が手に入るイベント「秘宝の里 ～楽器集めの段～」は2019年12月24日(火)12：59まで開催中です△△#刀剣乱舞 #とうらぶ https://t.co/SgYH5DPwST,1206877390770601985,positive,tkrb_ht,69.0,92.0,,
2019-12-17 09:13,,16100.0,"油と耐熱ガラスの屈折率は一緒 🤩

https://t.co/T1DvFH45L6",1206865047072301056,positive,gijigae,15.0,53.0,,
2019-12-17 09:00,,595470.0,"退院のご報告です✨
ホームページ、Instagramもご覧になってください😌 https://t.co/KIGHVDQ8eE",1206861672943513602,positive,rikakoikee,83.0,275.0,,
2019-12-17 09:00,,132554.0,"『デジモンアドベンチャー LAST EVOLUTION 絆』2/21(金)公開

【予告映像解禁！】
大人になるとパートナーデジモンは姿を消してしまう…！？
葛藤の末に選んだ彼らだけの答えと、“最後の進化”とは――。
太一たちの最後の物語を、劇場で見届けてください！

#デジモン　#ラスエボ https://t.co/ZHQKvl6GMV",1206861594388357120,positive,Digi_advntr20th,58.0,63.0,,
2019-12-17 04:54,,7803.0,ちょっと早いけどクリスマスの思い出 https://t.co/pK597CCq0D,1206799801079099392,positive,YUKIKOASANO,41.0,179.0,,
2019-12-17 04:34,,23871.0,"ちょっと早めのメリークリスマス🎁🎄

#7 How To Cook “SABA-MISO” Japanese Home-Style Cooking / Hiro Mizushima（... https://t.co/q9acdBnTMv @YouTubeより https://t.co/VNtMNtSqzh",1206794853465513985,positive,yuki_sato222,18.0,159.0,,
2019-12-17 04:30,,6799.0,スマホに慣れてないお年寄りはiPhoneを選んだほうがいいです。楽々スマホとか買われると、僕らが使い方分からないので使い方を聞かれても教えてあげられません。設定とかアプリ一覧を出すのにも一苦労でした。マジで楽々スマホはやめて。使い方を誰かに聞くつもりなら絶対買っちゃダメ。,1206793692540878848,positive,keizi666,157.0,190.0,,
2019-12-17 12:13,,24581.0,ヨクバリス、恋の季節 https://t.co/KkIknGYPsn,1206910220498194432,negative,jinnseimakegumi,70.0,64.0,,
2019-12-17 11:52,,5494.0,いまテレビで『子どもが泣いてる→妻は家事で手が離せない→こんな時、夫は「子どもが泣いてるよ」ではなく「こういう時ママじゃないと泣き止まないんだよね〜」と言えば、妻をイラッとさせません』とか言ってるんですが！いや、めちゃめちゃイラッとするわ！泣き止まなくてもやるんだよ！！！！！！,1206904952225849344,negative,itacchiku,124.0,115.0,,
2019-12-17 09:25,,9611.0,"若者は車を手に入れた！ 

自動車税がついてきた！ 
重量税がついてきた！ 
取得税がついてきた！ 
自賠責がついてきた！ 
任意保険がついてきた！ 
駐車場代がついてきた！ 
ガソリン代がついてきた！ 

若者は死んでしまった！",1206868077356310528,negative,owah7dj20,125.0,101.0,,
2019-12-17 08:25,,7663.0,"は？

女児１０人レイプしたおじさんが実名顔出しでAbemaTVに出演「自分がレイプした被害者に会いたい」 https://t.co/GoIqbLyNHR",1206852840875909120,negative,lTfC8qI4PATLiaC,194.0,118.0,,
2019-12-16 16:45,,425587.0,パパ活の話題が出る度に、西原理恵子さんの「女の子が生きていくときに、覚えてほしいこと」を思い出す。人の金でイキるのが何より楽で幸せかわかるけど、結局媚び売ったり下手に出るなら、自分で稼いで自分の金を自由に使う方がよっぽど楽しいんよね。あ〜毎日他人の金で死ぬ程のどぐろ食いてえ〜。 https://t.co/pPCoIPZNkR,1206616295455653888,positive,a_tarime_,127.0,217.0,,
2019-12-16 10:00,,8840.0,右足を舐める瞬間がたまらぬ可愛さだったので慌ててシャッターを切ったら、可愛さとは真逆の瞬間を切り取ってしまった。 https://t.co/mT8ANudSa4,1206514388384923648,positive,dynamic_ninjya,27.0,47.0,,
2019-12-16 07:34,,833.0,"すごいモヤモヤするので…
推しの誕生日に〝生誕〟をつかうと故人扱いになるから推しに対して失礼って説、誤解です😭！
口うるさいと思われるかもしれませんが気になってしまって https://t.co/hqN0YKqv8K",1206477806806323203,positive,sby_rac,103.0,143.0,,
2019-12-16 13:18,,4641.0,日本終わり https://t.co/Jf1LMTSU8T,1206564235032944641,negative,YOGU_ERIO,48.0,39.0,,
2019-12-15 23:03,,10623.0,"マスクせずに咳してる人見ると、
「感染者だ！撃ち殺せ！」
「ですが！アイツはまだ人間じゃないですか！」
「馬鹿野郎！ここで殺らなきゃ、俺達の大事な奴まで感染者にされる可能性だってあるんだ！迷うな！引き金を引け！」
「畜生！感染者め！」
みたいな気持ちになる。マスクしやがり下さい。",1206349068248608768,negative,9bee_16,213.0,119.0,,
2019-12-21 23:08,,17381.0,ユウリとホップが夜にカレーを作るようです（フォロワー減覚悟完了） https://t.co/Dtf0Dz4Z4t,1208524547357466624,positive,yucchris22m,24.0,50.0,,
2019-12-21 18:46,,1781.0,"【 拡散希望 】

福岡県飯塚市旧頴田町内で、
迷い犬を保護しました。
柴犬の、とても大人しくて
賢い女の子です。
赤い、皮のしっかりした首輪がされていました。
現在、お顔に腫瘍が出来ている為、
鼻と耳が悪い様子。
お探しのご主人様、見た事がある等の、些細な情報でも助かります。
続く→ https://t.co/qo08EBTAkL",1208458699074748417,positive,Sugar57220406,172.0,234.0,,
2019-12-21 14:34,,59014.0,ピアニストの妻、トイピアノに付いてきた説明書を容赦なく捨てようとしていたので、「せっかくやから一応見てみようよ！」と言うと、なんかキレ気味に弾き始めた。途中から調が変わってる？あとアドリブ？……なんかすごい気がする。 https://t.co/Vr3hJL2xtl,1208395445879263232,positive,inu1dog1,46.0,103.0,,
2019-12-21 11:00,,42508.0,真っ黒なイーブイがいたから仕方なく保護者になったブラッキーの話。 https://t.co/M6aJlee0zs,1208341504302841857,positive,azuma_m,36.0,164.0,,
2019-12-21 09:41,,12162.0,日本の自衛隊の有能さをご覧下さい。 https://t.co/g7hg7mkODZ,1208321593593614336,positive,Sayonarachan123,57.0,92.0,,
2019-12-21 09:26,,171305.0,"幼稚園の先生の仕事を要約した映像

 https://t.co/ihCf1NEzyu",1208317826605273088,positive,mofnekoclub,41.0,60.0,,
2019-12-21 08:02,,6263.0,【悲報】外国人に話しかけられて、とっさに「I don't speak English!」と言ったら「ベンキョウしろ」と日本語で返されたこのダメージが消えそうにない,1208296757357993984,positive,takah1yt,89.0,91.0,,
2019-12-21 06:56,,36479.0,ジャンプフェスタで発表ありましたが、怪物事変がアニメになります！！！みなさん本当にありがとう！！！🎉🎊 https://t.co/BJSvcLlttN,1208280002883506177,positive,aimoto1222,24.0,146.0,,
2019-12-21 06:49,,2192.0,"サイゼリヤ何がおきてるの？羊串があったので食ったらその瞬間口の中が池袋北口になったんだが。
お前、お前これはお前、池袋の名店、聚福楼の味じゃねえかお前。カジュアルに日本全国に名店の味をお届けしやがってお前、うめえな！ディアボラソースつけたら更にうめえでやんの。オリジナル超えてる。 https://t.co/wc3Y3VBfG1",1208278357076398080,positive,mugitya38,54.0,80.0,,
2019-12-21 04:24,,1069.0,"怪しい中華製品の翻訳ほんと好き

よくやった https://t.co/LFXdO1LvKB",1208241768182927360,positive,nit0210,22.0,33.0,,
2019-12-21 04:01,,79752.0,"アニメ「ワールドトリガー」待望のTV新シーズン製作決定‼
いつも応援してくださっている皆様、本当にありがとうございます！
今後の続報にご期待ください！
＃トリガーオン ！！

＃ワールドトリガー
https://t.co/geruBapjbW https://t.co/duaRUFskbL",1208235956593029120,positive,Anime_W_Trigger,29.0,102.0,,
2019-12-21 03:08,,188.0,"アマゾンのアレクサ、“地球のために人間は死んだほうが良い”と持ち主に「自殺」を促す (2019年12月21日) - エキサイトニュース https://t.co/7UP8Ns9obM @ExciteJapanさんから
// 内容はともかく「エラーを調査し、すでに修正した」のディストピア感がとても好きです。",1208222720422338560,positive,n385,98.0,120.0,,
2019-12-21 03:02,,6547.0,"定期的にこれ見て笑ってるんだけど今年一番好きな動画だな

https://t.co/tCFbWt82AX",1208221143175327744,positive,iso_zin_,37.0,110.0,,
2019-12-21 03:01,,56500.0,【創作】嫁いできた嫁が愛想笑いばかりしてる https://t.co/OL6NfUBVzD,1208220828950622215,positive,mangadaisuki15,28.0,98.0,,
2019-12-21 02:50,,114139.0,"アニメ「遊☆戯☆王」20周年の節目を飾るシリーズ第7作目「遊☆戯☆王ＳＥＶＥＮＳ」の放送が決定！！
主人公はシリーズ初の小学生！
新たなデュエルルール「#ラッシュデュエル」も登場します✨

放送は2020年4月から📺

▼詳細はHPをチェック
https://t.co/luFiBHaVqj

#遊戯王 #yugioh #SEVENS https://t.co/zlIN5Ga1zt",1208218197054197760,positive,yugioh_anime,58.0,71.0,,
2019-12-21 02:11,,105.0,"カピバラがガチで水槽の中を泳いでいました！
#なかがわ水遊園 https://t.co/uDV6fg0G8R",1208208226895847424,positive,jinsei_Konata,16.0,87.0,,
2019-12-21 01:16,,53284.0,"夫の胃がんを治すために医学的根拠のない治療に多額のお金を注ぎ込んだ轟さんの言葉。

「子どもの頃から『新聞を読みなさい』『本を読みなさい』と言われて育ちました。そこに信頼できない情報が溢れているとは思ってもみませんでした」

これは本当に、重く受け止めるべきだと思う。",1208194524754825216,positive,keiyou30,219.0,283.0,,
2019-12-21 00:12,,20472.0,自分の成功体験を人に語りガチな人へ https://t.co/gWEI77hYZm,1208178320380006401,positive,TOMOKIN_Voice,106.0,186.0,,
2019-12-21 00:04,,5885.0,小3の息子が料理の漫画にハマってて、いつも晩御飯を食べると「う、うわああああああ！！」ていいながら全裸になるんですけど。ピーマンの肉詰めの日だけは「キミ、舐めてるのかね？」と悪い審査員風に一口食べて「何だこの味は！？う、うわあああああああ！」と叫んで結局全裸になります。,1208176256803409920,positive,DVtaiyou,19.0,50.0,,
2019-12-21 05:23,,903.0,Twitterでは「水にありがとうという言葉を見せるときれいな結晶を作る」はほぼ完全に否定されているが「卒論の締切が近くなるとプリンタが壊れる」はかなり信じられている。,1208256717940613122,negative,mmww,147.0,90.0,,
2019-12-21 05:04,,4877.0,最近のお仕事です https://t.co/aT65XHwNGV,1208251908130869253,negative,tech_yuuta,48.0,36.0,,
2019-12-21 01:16,,1795.0,和歌山市のバス停と地名、普遍的過ぎない…？ https://t.co/ousjqxhbXW,1208194535248912384,negative,hirayama_okan,29.0,27.0,,
2019-12-19 23:11,56672.0,138129.0,アマノフーズどうかしてる https://t.co/rpI2camfMu,1207800734579707905,positive,tukushiA,29.0,91.0,14857.0,
2019-12-19 22:31,61132.0,471.0,"面接官「君の出身地は？」

僕「おもちゃのまちです…」

面接官「真面目に答えて下さいwそんなメルヘンチックな地名があるはずないでしょww不採用！」 https://t.co/GDExxQOWJc",1207790573676941312,positive,tikubi1030,27.0,41.0,20767.0,
2019-12-19 20:46,82719.0,38.0,"のとじま水族館で見れたようです。
今週末にダイオウイカと特別展示をするらしいですよ。 https://t.co/a7FtZmPuI8",1207764219187220480,positive,Eri_connection,42.0,68.0,25775.0,
2019-12-19 15:54,64548.0,3060.0,"デマ注意！
「男へのクリスマスプレゼントはネクタイがオススメ」というデマが流れていますが絶対に信用しないでください！
男が本当に望んでいるものは「名誉ある戦死」です！",1207690639187435520,positive,DJ_AsadaAkira,75.0,79.0,23538.0,
2019-12-19 13:31,18047.0,1436.0,"グランツーリスモにクラウンが追加されたので
「黒クラウンで車列つくりませんか？」ってオンラインで呼びかけたらすぐ実現して笑った

#PS4shere #GTSport https://t.co/oXbuiAO80H",1207654741234241536,positive,JA8985_photo,37.0,48.0,9983.0,
2019-12-23 03:00,,220921.0,【スタッフより】カメントツ先生急病のおしらせ。 https://t.co/EzGvqdMAT9,1208945321272700928,positive,Computerozi,76.0,266.0,,
2019-12-23 02:48,,638456.0,"今日はイブイブなので、イーブイを配布しちゃいます！よろしくね〜✨

#ポケモンだいすきクラブ嫁一 https://t.co/GaNSgx5kZL",1208942350824808449,positive,staff_aoi,29.0,75.0,,
2019-12-23 02:04,,1088751.0,"[おしらせ]
2020年1月6日(月)午前11時より、更新データVer.5.1.0を配信致します。
詳しい更新内容は下記のページをご覧ください。
https://t.co/a6Lw2OXr48",1208931414671908864,positive,SplatoonJP,66.0,100.0,,
2019-12-23 01:44,,172797.0,"憧れ続けたM-1グランプリ。
全て出しきれました。
長い間、かまいたちのM-1グランプリ優勝を信じて応援してきてくれた皆さん、すいませんでした。
まだまだ精進して、漫才で恩返ししていきます！

ミルクボーイ本当におめでとう！
めちゃくちゃ面白かった！

皆さん、本当にありがとうございました！ https://t.co/8Xevtd12co",1208926255355088896,positive,hamaitachi,53.0,308.0,,
2019-12-23 01:00,,362965.0,"【新情報】事前登録＆キャンペーン企画実施中！💿✨
@hypnosismic_arb フォローと #ヒプマイスクラッチバトル で特典GET📢
詳細は公式サイトにアクセス▶ https://t.co/ZYIYdw5vDX

記念にゲーム中に登場する寂雷のショット📷を初公開！！
#ヒプマイ #ヒプマイARB https://t.co/W44wArgFUK",1208915123118604289,positive,hypnosismic_arb,62.0,126.0,,
2019-12-23 00:24,,436170.0,こんな時くらい羽生が負けたじゃなくて、宇野が勝ったでいいよね https://t.co/Y4kQ3k4Bmt,1208906127976493056,positive,FIFI_Egypt,120.0,140.0,,
2019-12-22 14:03,,8194.0,グロ画像を見せてしまったようなもんなのかもしれん。申し訳ないことをした。 https://t.co/FVUBb3wxlK,1208749868954484737,positive,YS_GPCR,114.0,170.0,,
2019-12-22 14:00,,275605.0,"【お知らせ】あんさんぶるスターズ！！MusicショートMV公開！！
本日は『fine』の『終わらないシンフォニア』です！
こちらはサインパネルプレゼントの対象ツイートです！詳細はサイトをご覧ください
https://t.co/M6eEwf2eDv
#あんスタサインプレゼント #天祥院英智 #日々樹渉 #姫宮桃李 #伏見弓弦 https://t.co/BMtTHQ4jZk",1208749029397536769,positive,enstars_music,20.0,165.0,,
2019-12-22 13:27,,43.0,どん兵衛のCMの子ども可愛すぎる https://t.co/MEGNHTV81Q,1208740796536479744,positive,hashime31,37.0,115.0,,
2019-12-22 13:27,,111320.0,M1終わった。決勝を選ぶのが辛かった。人情的にはかまいたちに勝たせてあげたかった。自信と怯えの共存する文句なしの漫才。去年足りなかったのはその部分。ただミルクボーイの受け方が半端なかった。人情や私の思い出で選ぶのは失礼と思いミルクボーイを押した。でも辛い。今夜寝られそうにないよ。,1208740792476372997,positive,shiraku666,91.0,247.0,,
2019-12-22 13:26,,46434.0,"色鉛筆で禰豆子描きました🌸
#上手いと思ったらRT 
#3Dアート https://t.co/NwwNMJ7NTe",1208740513672646656,positive,X86Natsuki,32.0,95.0,,
2019-12-22 13:22,,1894.0,"ミルクボーイさん優勝おめでとうございます🎉
上顎にひっつきにくい『ふた口最中』です‼︎
#M1グランプリ2019 #ミルクボーイ 
#からし蓮根さん面白かった https://t.co/rbfoGr68tk",1208739507853393920,positive,kobai_jindaiko,15.0,110.0,,
2019-12-22 13:10,,52085.0,"先程のCM、見逃してしまった方のために。
おおみそかのうそ篇、公開。
２本立てでどうぞ！

#どん兵衛 #どん子ぎつね #M1グランプリ https://t.co/nyrH2QqVaE",1208736444321189889,positive,donbei_jp,35.0,112.0,,
2019-12-22 12:35,,50222.0,"M-1が盛り上がってますがここで歌丸さんの芸人に対する考えを貼っておきます。

 https://t.co/6taIwOK3oM",1208727761059110912,positive,idobatakun,126.0,244.0,,
2019-12-22 12:32,,195515.0,"みんな(´・ω・｀)✨

オリジナルの敗北ヒーローが300万再生突破したよ(´・ω・｀)✨

本当にありがとう(´・ω・｀)✨

こうやってたくさんの人に聴いてもらえてると思うとなんだか胸が熱く来るものがありますね(´・ω・｀)

これからもころんをよろしく(´・ω・｀)！！

∧💧_💧∧
(๑◉ ﻌ ◉๑) もんげー✨ https://t.co/oT5WtWiyno",1208726974148956162,positive,colon56nhimitu,86.0,214.0,,
2019-12-23 05:00,,80311.0,【ZOCメンバー兎凪さやかについてご報告】 https://t.co/dMc2bauFQR,1208975564473634816,negative,ZOC_ZOC_ZOC,197.0,128.0,,
2019-12-21 13:00,,80948.0,"《DEEMO II》Teaser
最新情報は《DEEMO II》公式サイトをチェック：https://t.co/325A99nvr1 https://t.co/3Js2sNaCx0",1208371541462769668,positive,DeemoRayark,35.0,45.0,,
2019-12-21 11:39,,10484.0,"【緊急】豚汁に入れる芋

さつまいも豚汁がメジャーだと思った福岡と香川の人がレシピをググったらあんまり引っかからなくてショックを受けています。アンケートにご協力ください",1208351342474870785,positive,umai_KAJI,34.0,57.0,,
2019-12-21 11:30,,55607.0,今年水彩で描いた青い絵です。 https://t.co/LCRKonW1sn,1208348953026019330,positive,tr_watercolor,15.0,174.0,,
2019-12-21 15:09,,693.0,家帰ろうとしたらマンションの入り口に『タコ焼きであっただろうもの』が散っていたんだけど、散っていたという事象よりも『タコ焼き一つに対してタコが多すぎる』『具材を運んでいたとしたら既に球体の生地があるのはおかしい』という矛盾点が気になりすぎて家に帰れなくなった。 https://t.co/pBj8Jf2gfa,1208404094920077319,negative,Utaya_karaG,113.0,83.0,,
2019-12-21 14:47,,1390.0,逮捕だろこんなの https://t.co/QSuiZjPaAf,1208398538482302976,negative,nitedate,101.0,84.0,,
2019-12-21 13:58,,2383.0,この時点で何か分かる人はあんまりいなそう https://t.co/9IsPFtV4ec,1208386347754373121,negative,Qooga_13,35.0,18.0,,
2019-12-21 13:00,,252920.0,"世界中に嵐を起こす、彼らの""今""を切り取るドキュメンタリー。

彼らは、
なぜ活動を休止するのか。
今なにを思っているのか。

5人、最後のドキュメンタリー。

#ネトフリ オリジナルドキュメンタリーシリーズ『ARASHI’s Diary -Voyage-』12/31（火）17時より全世界独占配信開始。
#嵐 #大みそかは嵐 https://t.co/eDEfa8VOoz",1208371539902631937,negative,NetflixJP,95.0,89.0,,
2019-12-23 23:07,,130940.0,"🎅 Merry Christmas 🎄【前半】
#カワウソ #クリスマスイブ https://t.co/vQG0KqH7Vz",1209249136106557440,positive,kawa_ii_uso,61.0,146.0,,
2019-12-23 22:21,,36829.0,再掲。 https://t.co/a5AKWlGX9Y,1209237633223680000,positive,Chanta_in_inari,28.0,53.0,,
2019-12-23 13:00,,3305.0,街で出会った人にいきなりライトセイバーを渡して戦ってみたwww https://t.co/g2niy7YGr7,1209096317798158336,positive,nakagawabbb,48.0,122.0,,
2019-12-23 11:57,,2425.0,実家のお宝、80年前のサンタ掛け軸！戦時中は飾るの禁止だったそう。どてらを着てるのが特に最高❤️ https://t.co/JUKVpuUDav,1209080649094590465,positive,nuQ_artworks,47.0,97.0,,
2019-12-23 11:31,,31907.0,１コマ漫画「火に油をそそぐコールセンター」 https://t.co/fP5tFBBjnG,1209074074745356290,positive,zundacroquette,36.0,51.0,,
2019-12-23 13:30,,309.0,"クズ。
子どもがダメと言っているモノを勝手に売るのが親のする事か。 https://t.co/EVNwJbBf5N",1209103928123543552,negative,ez_vosadou,197.0,168.0,,
2019-12-23 13:00,,,浜ちゃんを叩くとこうなる。 https://t.co/4CTWIbckjW,1209096392653692929,negative,enjotower,54.0,46.0,,
2019-12-24 07:51,,3759.0,"「X'mas、アポストロフィを入れた表記は間違い」
という文章がTwitter上に乱れ飛ぶ本日。
でも実は「間違いじゃないよ」という雑学。
（毎年定期的にアップしております） ",1209245095683248128,positive,tisensugimura,66.0,78.0,,https://t.co/QuIH2xkuxj
2019-12-24 00:58,,6798.0,カップルが「わぁ〜！夜景キレイだね〜♡」ってやってるけどあれ大体社畜が光ってるだけやからな。感謝せえよ。,1209141251968077824,positive,mikisan_39,49.0,79.0,,
2019-12-24 00:24,,60555.0,"相葉くんお誕生日おめでとうございます！
37歳もよき一年になりますよう！
これからもよろしくお願いします！
#相葉雅紀誕生祭
#相葉雅紀37誕生祭
#相葉雅紀誕生祭2019
#AibaMasaki1224
#マサキのお誕生日 ",1209132586586427393,positive,aibamanabu_5tva,9.0,197.0,,https://t.co/vGJDz4CloY
2019-12-24 00:00,,115113.0,"0時00分！
確保ーーー！！！
じゃない！Happy Birth Day to meeeee!!!!!

というわけで、野津山。
23歳になりました٩( ᐛ )وﾊﾟｧ!

これからも！毎日をハートフルデイズで過ごしたいと思います(^з^)-☆
ありがとう22歳！
よろしく23歳！！ ",1209126625062739968,positive,nozuyama1224,18.0,123.0,,https://t.co/TWl7VlpVq8
2019-12-24 00:00,,133242.0,"【✨最大で110連分のガチャチケットGET✨】
2.5周年を記念して大拡散キャンペーンを実施します❗️

このツイートの1,000RTごとに
🎉11連ガチャチケット×1枚🎉をプレゼント❗️

※上限は10枚
※チケットは12/25より毎日1枚ずつプレゼントBOXに配布

応募規約 ※必読
",1209126515515871239,positive,danmachimemoria,7.0,47.0,,https://t.co/uiD8zbBMZV
2019-12-23 23:32,,197297.0,"#JO1｜初めてのご挨拶！

ファンの皆様へむけた
11名の初めての挨拶動画をご覧ください✨

動画はこちらから▼
",1209119681207889921,positive,official_jo1,19.0,87.0,,https://t.co/imULBlKjFI
2019-12-23 22:31,,2524691.0,"いつも本当にありがとうございます。
沢山の方にツイートを見て頂けてとても光栄に思います。
これからもゆる〜く更新します。
よろしくお願いします！ ",1209104286501654528,positive,H_KANNA_0203,14.0,81.0,,https://t.co/SWnjbgnC2Z
2019-12-23 22:12,,5385.0,5歳は保育園で「優しい子のところにはサンタが来る」と教わってるらしいのだが、本日風呂に入りながら「意地悪な子のところにもサンタきてほしい。意地悪でもお友達だから」などと言っており、私はその慈愛の大きさに目が眩んで気絶しました。,1209099553703481344,positive,v_wxyzz,55.0,83.0,,
2019-12-23 22:04,,251072.0,"「#クリスマス音楽祭2019」放送中！👑
まもなく登場 #King&amp;Prince の皆さんから
パフォーマンスの見どころを聞きました！✨
＃CDTV  #生放送  #KingPrince ",1209097419914301440,positive,TBSCDTV,22.0,107.0,,https://t.co/eLdKdQoLRa
2019-12-23 21:32,,363619.0,"【DVD発売決定！！】
TVアニメ「浦島坂田船の日常」
2020年2月26日発売！！

◆初回限定版［DVD+特典CD］
◆通常版　

明日12月24日（火）より各店舗予約受付開始
※店舗によって受付時間が異なります。 ",1209089434471280640,positive,USSS_info,25.0,41.0,,https://t.co/tpyoaBF3Jr
2019-12-23 21:06,,128277.0,"明日はクリスマス・イヴだ。
私はTwitterには居ない。
悪いなお前ら。 ",1209082868598657024,positive,Beginning_BKN,12.0,19.0,,https://t.co/JczwpxFoRA
2019-12-23 20:55,,251072.0,"「#クリスマス音楽祭2019」放送中
まもなく登場 #SexyZone の皆さんから
本番直前に意気込みをいただきました！🎄
＃CDTV #生放送 ",1209079957822984192,positive,TBSCDTV,21.0,123.0,,https://t.co/MJaW9pviLq
2019-12-23 20:53,,6013.0,なぜ幼児が「チッチャイ ヤツ チッチャイ ヤツよ」とコンクリートポンプ車のスケールを気にしていたのか やっとわかった サンタさん 間違えなくて よかったわ ,1209079679803486208,positive,animamundi_,24.0,51.0,,https://t.co/YtvwtMMXeB
2019-12-23 20:50,,251072.0,"「#クリスマス音楽祭2019」放送中🎄
まもなく登場 KAT-TUN の皆さんから
本番直前に意気込みをいただきました！🎅
＃CDTV  #生放送  #KATTUN ",1209078699531763712,positive,TBSCDTV,28.0,117.0,,https://t.co/5bKKYvCybn
2019-12-23 20:33,,399675.0,"🍓さとみワンマンライブ🍓

Memoriesのグッズが遂に公開✨

かわいいいいいいい

リハーサルも遂に大詰めだよ〜

最高の思い出にしよ🐱💓 ",1209074461464383495,positive,satoniya_,57.0,95.0,,https://t.co/epOjps4E8b
2019-12-24 07:31,,5622.0,"みなさん助けてください。

いま虚偽DVといって逃げた妻子をおいかけるお父さんたちを支援する動きがあります。

はすみとしこさんが「妻がDVをでっちあげて子どもを連れ去った」という連れ去り漫画を書いてます。

そこに維新の会や関連の父親団体、自民党の議員が深く関わって立法しようとしてます。",1209240141438472192,negative,ilovecat222,191.0,122.0,,
2019-12-24 01:52,,1190.0,ブラック企業大賞がトレンドに上がってたからブラック企業マップを見てみたら日本列島津々浦々ドクロマークで埋まってた ,1209154742267441152,negative,shiosai_san,59.0,55.0,,https://t.co/xtME8qhkTr
2019-12-23 23:22,,298329.0,"得意げに
「俺めっちゃ食うのに太らないんだよね笑
48キロ笑笑、そこらへんの女子より軽いと思うわ笑」
とか言ってる男がいたので
「筋肉がないからだね。」
って言ったらあからさまに不機嫌になってました。",1209116961285627905,negative,poisoncookie00,137.0,122.0,,
2019-12-23 22:00,,5641.0,"部下から退職の申し出を受けたときに、
説得余地があると考える管理職が多いことに驚く。
どこまでも""わかっていない""。

ほぼ全ての場合、相談ではなく報告だ。
事前に相談がない時点で、""負け""が確定している。
これまでは、立場上話を聞いて貰えていただけで、
人として信頼されていなかったのだ。",1209096355051974658,negative,remedy_tokyo,133.0,102.0,,
2019-12-24 00:12,,22604.0,"小学6年生をいじめる中学3年生。

まじゴミだな。

消えろ。

 ",1209129760485281793,fire,enjokaityo,142.0,54.0,,https://t.co/ljHer1iHBi
2019-12-22 08:31,,162.0,僕24歳なんだけど正直言って初めてスターウォーズ見たときの感想「え、コレがかの有名なスターウォーズですか？」だったのよな。中学生の時からマーベル、ダークナイトとかに触れてきた世代には恐らく刺さらない。,1208530338047090689,positive,toratomatomovie,89.0,127.0,,
2019-12-22 07:30,,4965.0,"飲み会で、「うちのが煩いから先帰る」という人を見て、独身の人が「こういう愚痴がでるから結婚しない」と言いだしました。

違うんです、その人は家庭が大好きな人です。

でも、オヤジ＆オバサンとしては「家が楽しいし帰る」と言いにくいんです。

本当に家庭状況が危機的な時は話題にでません。",1208515102321733632,positive,asagaolaw,90.0,116.0,,
2019-12-22 07:18,,35299.0,冬休みは給食もなくなりますし、もし子供さんにクリスマスやお正月らしいことができないとお困りでしたら遠慮なく無料食堂をご利用ください。クリスマスらしさはなくて申し訳ないですが、えびフライなどは喜ばれると思います。もちろん大人だけでもご利用いただけますし、お持ち帰りもできます。 ,1208511999606284288,positive,marukatsunara,64.0,169.0,,https://t.co/zm9PoGNf1w
2019-12-22 06:48,,21041.0,10代、20代の人は40代の就職氷河期世代を笑っている場合ではありません。皆さんはデジタルネイティブと言われていたはずなのに、学校ではスマホ禁止でSNSは匿名でパソコンが１人１台無い環境で、課金ゲーと動画だけで勉強に使わせてもらえず、世界に読解力で負けていったデジタル氷河期世代です。,1208504613055262720,positive,yamauchitaiji,93.0,132.0,,
2019-12-22 06:00,,126979.0,"シロさん憧れの女性 三谷まみ役は...
#宮沢りえ さんです！！！！！

3章立ての物語の第1章に登場💐✨

憧れの三谷まみを前に興奮を抑えられないシロさんと、それを見てケンジは...
放送をお楽しみに！

コメントも頂きましたので、
ぜひチェックしてみてください📝
👉 ",1208492579676815360,positive,tx_nanitabe,19.0,90.0,,https://t.co/TZ64P32Qbc
2019-12-22 03:13,,5677.0,「安いものはまずいはず」と思っているこういう人は、じつは食に疎い人なのだ。安いものは安いなりにうまく、高いものは高いなりにうまいのである。人は上等な料理を当てるために飯を食っているわけではない。しあわせになるために飯を食っているのだ。この少年のほうが母親よりずっとしあわせだ。 ,1208450347695345664,positive,ray_fyk,151.0,345.0,,https://t.co/SvvqblngVs
2019-12-21 23:42,,224.0,"最近地毛でアルトリア髪するのハマってるからやり方まとめてみた。
そこまで長くなくてもある程度髪の毛あれば出来るぞ！

必要なものはゴムとヘアピンとUピンとリボン。髪の毛も満足に巻けないクソ不器用でも、三つ編みさえ出来れば一人で10分以内に作れる髪型です。みんな是非。 ",1208397455190118401,positive,numeco_f,46.0,61.0,,https://t.co/1CrlfCIkly
2019-12-21 23:26,,9710.0,"日本語
[🐕と🐵と🦜]は[🏝の👹]を⚔した

英語
[🐕,🐵and🦜]⚔ed[👹of🏝]

中国語
[🐕、🐵和🦜]⚔[🏝的👹]了

モンゴル語
[🐕🐵🦜3][🏝n👹]g ⚔san

アイヌ語
[usa🐕 usa🐵 usa🦜][🏝👹]⚔

シュメール語
[🐕🐵🦜]e [👹🏝ak]⚔

アラビア語
⚔[🐕wa🐵wa🦜][👹al🏝]

クリンゴン語
[👹🏝] ⚔ [🐕🐵🦜je]",1208393335380905984,positive,cicada3301_kig,20.0,36.0,,
2019-12-21 22:14,,7372.0,ロック様が写真を撮られる度に無理矢理写りこんでくるジャック・ブラックの躍動感 ,1208375267820879873,positive,masososo_,13.0,78.0,,https://t.co/aXBK0wmHIR
2019-12-21 22:02,,20717.0,"「賃金上げたら会社が潰れる」って言う奴がけっこういるんだけど、どの会社もそんな「潰れるギリギリの高い賃金」を労働者に支払っているとでも思ってんのかね。
んなわけねーだろ。

労働者に出し渋った金が経営者と株主の懐に入ってるんだよ。",1208372274027327488,positive,junpeiakashi,132.0,170.0,,
2019-12-21 21:22,,4076.0,戦時中の怖い話「血をすするメモ帳」が短いのに下手なホラー映画より怖いし、どこかクトゥルフみもある話だからちょっと読んでほしい ,1208362004370509824,positive,tk01081085,54.0,60.0,,https://t.co/RVoLrRg7U7
2019-12-21 20:52,,109472.0,"XYZ TOUR 2020
-DJ Style-
-Valentine's Night Ladies Only-
-Mens Only Night-
開催決定！！

あらき un:c KOOL kradness Gero しゅーず SILVANA センラ nqrse めいちゃん luz

＜最優先チケット受付(抽選)＞
受付期間：～1/5(日)23:59
受付URL：",1208354498021691392,positive,xyzp_info,13.0,30.0,,https://t.co/5lIFyZHhfi
2019-12-21 20:31,,6267.0,"「クルマ社会と電車社会の境目はどこにあるんだろう？」と思い、簡単に可視化してみた。

2010年国勢調査のデータより、【15歳以上の男性が通勤で使う交通手段1位】で塗り分け。
複数回答なので、例えば「駅まで車・駅から電車」の人は自家用車と電車の両方にカウントされるのでご注意を。 ",1208349153006252035,positive,ShinagawaJP,28.0,87.0,,https://t.co/gsFpMucH0J
2019-12-22 00:49,,7324.0,伊藤詩織さん勝訴の判決を下し、素晴らしい判決文を書いた東京地裁の裁判官が今後どうなるか、みな忘れないで注目し続けよう。皆が気づかないうちに、不当に左遷される恐れがあると思う。,1208414234549223424,negative,MitsuNumano,123.0,98.0,,
2019-12-21 23:54,,7821.0,"【有馬記念ミニデータ】
2001年:田代まさし違法薬物で逮捕
→1枠1番アメリカンボス　２着
2004年:田代まさし違法薬物で逮捕
→1枠1番ゼンノロブロイ　１着
2010年:田代まさし違法薬物で逮捕
→1枠1番ヴィクトワールピサ　１着
2019年:田代まさし違法薬物で逮捕
→1枠1番スカーレットカラー　？着",1208400406352666625,negative,daiwa510,41.0,38.0,,
2019-12-21 22:57,,7431.0,"ああ、ついにタイより日本の方がコストが低い時代が来たのね。日本の失われた20年をまざまざと実感する。デフレ万歳。
",1208386063917617160,negative,makrabin7,98.0,72.0,,https://t.co/B3XSQhTWAc
2019-12-21 22:18,,4558.0,"店「カード決済には手数料5%いただいてます」
私「え、クレカ決済で手数料請求って違法ですよね？」
店「お店のHPに手数料をいただくとの旨を記載しているので大丈夫です。」
私「その制度知らなかった！念の為カード会社に確認してみますね」
店「…こちらも忙しいので、今回はサービスしときます」",1208376073399877633,negative,wanwanbot_,173.0,114.0,,
2019-12-21 21:49,,7158.0,"クローズアップ現代に出演した私が語る、NHKの酷い偏向報道。
どういうやり方で、どのように切り取られるのか。皆さんに知ってもらいたい。本当に酷いし傷ついた。

NHKの偏向報道を被害者の私が語る - fuwafuwamodern’s diary ",1208368876343320576,negative,rei5884007,130.0,73.0,,https://t.co/UVDRwDK3Jm
2019-12-26 06:00,,69584.0,"【ヒーリングっど🖤プリキュア情報】
公式サイトに新情報追加！
メインキャスト、キービジュアル、主題歌の情報と
さらに、告知映像も公開！

詳しくはこちらから
",1209941956039626753,positive,toeianime_info,29.0,107.0,,https://t.co/bvFQ69yqOC
2019-12-26 06:00,,33065.0,"【ヒーリングっど♥プリキュア】キャスト決定！

キュアグレース #悠木碧
キュアフォンテーヌ #依田菜津
キュアスパークル #河野ひより
ラビリン #加隈亜衣
ペギタン #武田華
ニャトラン #金田アキ
ラテ #白石晴香 

2020/2/2(日) 朝8:30～ ",1209941923177218049,positive,asahi_tv,23.0,35.0,,https://t.co/oRm2R07WVE
2019-12-26 05:00,,8273.0,路上で突如はじまる喧嘩、すると突然ピザを丸ごと持った男性が現れ平和な世界が誕生するwwwww  ,1209926858428616704,positive,220021,32.0,79.0,,https://t.co/Q4JQrhBt38
2019-12-26 01:56,,3943.0,「この小学生の体力が低下（特に小5男子）」っていうニュース、役所は原因を「スマホ」「ゲーム」に求めているけど、そもそも公園での子供の声が「騒音」扱いされるような不寛容な社会で、わざわざ外で遊ぼうって思わないよね。球技も禁止の公園も多いし。 ,1209880672388517888,positive,itokenichiro,124.0,126.0,,https://t.co/WaPg5HUczl
2019-12-26 01:55,,5911.0,納得できない絵も好きでいてくれて欲しいと思ってくれる子がいる幸せ ,1209880406662602753,positive,Tubomi_KM,36.0,125.0,,https://t.co/W56zsBoA7A
2019-12-26 01:55,,31920.0,"【#ビースターズ2期 制作決定！！！】皆さまのご声援にお応えし2期の制作が決定しました！🐺🐰放送時期や新しく登場するキャラクターのキャストなど、今後随時発表させて頂きます✨
これからも原作、舞台、そしてアニメ #BEASTARS を宜しくお願いします！！
",1209880291092783104,positive,bst_anime,12.0,93.0,,https://t.co/GdIHQ6UGkX
2019-12-26 01:52,,1974.0,会社で不愉快な思いしたら押すスタンプカード。久々に押した。 ,1209879512806117376,positive,16x21tks,56.0,103.0,,https://t.co/pyVRKK3AUw
2019-12-26 00:03,,510835.0,"誕生日だーーーー！！！！！
30さーーーーい！！！！！
これからもよろしくねーーー！！！！

＿人人人人人人人人人＿
＞　そらまるの大群　＜
￣Y^Y^Y^Y^Y^Y^Y^Y￣

うれぴーーーーーー😍❤️❤️❤️❤️❤️ ",1209852100554833926,positive,tokui_sorangley,5.0,77.0,,https://t.co/fK0ER9EGqI
2019-12-26 00:02,,95073.0,"【速報】
クロちゃん、カエデを連呼してるだけなのになぜか面白い

#水曜日のダウンタウン

",1209851871575232512,positive,Reiwa_Sokuhou,29.0,40.0,,https://t.co/sa2CcyJiCv
2019-12-26 00:00,,783364.0,"【誕生日のお知らせ】本日は影片みかの誕生日！
限定ログインボーナスとしてダイヤ15個プレゼントの他、フラワーボックスを作ってボイスとストーリーを開放できます！詳細はアプリ内のお知らせをご覧ください♪ #影片みか誕生祭2019 ",1209851322540802048,positive,ensemble_stars,16.0,121.0,,https://t.co/xzgO6lDKs6
2019-12-25 23:41,,98704.0,"お題箱から「104期の為に悪戦苦闘しながらクリスマスの準備しちゃう兵長」
殴り書きなのでぐちゃぐちゃですみません…
ありがとうございました！ ",1209846524793851904,positive,vvv020vvv,37.0,205.0,,https://t.co/UJYiSv4ckE
2019-12-25 23:21,,156510.0,"【次回は1月8日】
新年最初のテーマは「バ美肉」！
何の略語か、ご存じですか？
#ねほりんぱほりん ",1209841673464729605,positive,nhk_nehorin,20.0,69.0,,https://t.co/IvrNQE8eUn
2019-12-25 22:55,,52878.0,【最新刊カバー公開！】本日はクリスマスということで、来年１月４日（土）同時発売の #呪術廻戦 コミックス最新８巻と９巻のカバーイラストを公開！メリークリスマス！ ,1209835070636216320,positive,jujutsu_PR,59.0,73.0,,https://t.co/iyNF1TW9YK
2019-12-25 22:46,,3774.0,ガラス製品が入ってる段ボールに円周率。おそらく割れないようにするため ,1209832781989044226,positive,tsumura_isas6,32.0,89.0,,https://t.co/GHsRUu9OwH
2019-12-25 22:37,,592.0,"NARUTO術知名度ランキング(2018)
1位 螺旋丸
2位 千鳥
3位 火遁豪火球の術

NARUTO術知名度ランキング(2019)
1位 潜影蛇手
2位 砂漠葬送
3位 穢土転生",1209830587764072448,positive,drumhshs,42.0,72.0,,
2019-12-25 22:04,,354542.0,福岡県福岡市薬院駅近くにあるソフトクリーム専門店「バンブルビー」の、ハートやリボン、ステッキをトッピングできる「フラワーソフトクリーム」✨ ,1209822114812813317,positive,sweetroad5,9.0,36.0,,https://t.co/uZvf3uGv6p
2019-12-25 22:00,,369360.0,"【🍓すとぷりからお知らせ🍓】

✨🎅🎁メリークリスマス🎁🎅✨

🍓明日の20時から！✨

🍓今年ラストのすとぷりリレー生放送開催決定！！！✨

🍓詳細は明日の放送中に公開！！！✨

🍓お楽しみに！！！✨ ",1209821184042266625,positive,StPri_info,62.0,94.0,,https://t.co/bQqvLYgyBs
2019-12-25 21:46,,15944.0,"セブンイレブンの新システム

①煙草を買う時にレジ前のタッチパネルで自分の欲しい銘柄をタッチ。
②棚が光って、タバコを店員さんが取り出す。
③お金を払う。 ",1209817617650737153,positive,takayamayohei1,102.0,124.0,,https://t.co/vXSW68qxQA
2019-12-25 21:44,,5268.0,"これは定期的に呟いていますが、断捨離にはコツ(◯年間袖を通していない服、ときめく…etc)などなく、ただただ、B'zのLOVE PHANTOMを爆音で流して歌いながら目についたものをゴミ袋にぶち込む。これだけです。

後から「あれ無い！！！」となって困ったことは今まで一度もありません。何とかなる。笑",1209817278570627073,positive,asa3ikuji,43.0,65.0,,
2019-12-25 21:27,,321.0,最後ちょっと下がりすぎたけど、ハンドル操作がプロすぎる🚗 ³₃ ,1209813000732856320,positive,pekinmusume,29.0,102.0,,https://t.co/LQb4CkJTJx
2019-12-26 08:57,,24093.0,"児童が残した給食を持ち帰っていた教諭→処分
国民の税金で選挙区民に土産を持たせた首相→放置

100円で150円のラテを注いだ会社員→逮捕
国民の税金で選挙区民を饗応した首相→放置

捜査書類を破棄した警察官→処分
公文書を大量改竄したりシュレッダーする政権→放置

書いていて嫌になってくる。",1209986638052380674,negative,Narodovlastiye,137.0,69.0,,
2019-12-26 08:43,,164.0,"イオンマスク禁止従業員の人嫌がるのわかるわ。

インフルで出校停止中なんだけど薬効いて体元気だからイオン遊ばせに来た。
みたいな事凄く多いんだよ。

『店員が媒介にならないよう全店でマスク奨励してます。ご理解下さい』
ってアナウンスされる方が余程良いのでイオンさん、マスク禁止撤回して",1209983120079908864,negative,e_ri69,257.0,219.0,,
2019-12-26 08:40,,352.0,"お客様に言いたいのは、店員にマスクをしてほしくないなら、お客様がしてくれと言うことと、ポイントカードの有無も答えず、キャッシュ決済で払も無言でスマホだけレジ台に置く、会計時イヤホン外さない、こういう人は、「何言ってるか聞こえない」なんて言う権利ないからな！
＃マスク禁止",1209982155528359936,negative,kanon0107,118.0,105.0,,
2019-12-26 08:13,,251.0,"この教諭の「横領」のせいで生徒の分が足りなくなったとかならともかく、廃棄予定の残飯を持って帰ったら通報されて失職とか、ちょっとねえ。その「総額31万円」はどのみちゴミになるわけで、ぶっちゃけ誰も損してないじゃん。現代社会の不寛容さが如実に出てるよな。
",1209975603341848576,negative,tkiyoshima,272.0,151.0,,https://t.co/2e711jo5nO
2019-12-26 05:00,,25878.0,"【悲報】タコ「人間に茹でられるぐらいなら自分から逝くわ」と遺言を残して茹で上がる

 ",1209926829190111234,negative,Kawaiipettv,63.0,40.0,,https://t.co/zZXiH1umXr
2019-12-25 22:47,,12249.0,"メイドカフェ「そびえと！」にありがちなこと

･「お帰りなさいご主人さま」ではなく「お帰りなさい同志」

･オプションで労働者の服が着れる

･メニューが「共産党員の食事」「労働者･兵士の食事」「収容所の食事」の3種類

･店内で問題行動を起こすと粛清される

･隣の中華料理店との仲が悪い",1209833034796560389,negative,Hashira_EKT,51.0,46.0,,
2019-12-25 21:29,,990874.0,"【アヘン原料】店の料理にケシ殻混入「常連客を増やしたかった」 中国
",1209813480200519680,negative,livedoornews,27.0,25.0,,https://t.co/l6yxXh4LO7
2019-12-25 08:22,,1206.0,サンタ制度終了のお知らせWWWWWWWWWWWWWWWWWWWWWWWWWWWWWWWWWWWWWWWWWWWWWWWWWWWWWWWWWWWWWWWWWWWWWWWWWWWWWWWWWWWWWWWWWWWWWWWWWWWWWWWWWWWW ,1209615342449741824,positive,sakusaku3939399,46.0,180.0,,https://t.co/75XFdCVVtF
2019-12-25 08:21,,582.0,"年明けのアニメチェックしてて、絶対見るのはハイキュー!!なんだけど、めちゃ気になってるのがコレww
戦国武将が犬に転生。
声優さんが凄く豪華‼️
…ん？
超大型新人声優⁉️…て、え？
な、ま、えwwwwww ",1209615024425058304,positive,musubimaruko,31.0,44.0,,https://t.co/MSxT3wwHnH
2019-12-25 05:35,,296.0,"金払ってプレゼント買ったのもわしやし夜勤明けにブルブル震えながらデッキに小麦粉振りかけたのもわしやし。
でもサンタのおじさんに感謝するがいいさ。
まだ俄然信じている娘の喜ぶ顔が見れるなら幸せです。
メリークリスマス。
おやすみなさい。 ",1209573256488869888,positive,komugimania,37.0,153.0,,https://t.co/yoMuRPT8E7
2019-12-25 03:22,,210.0,"コンビニの駐車場でのんびりしてたら火の手あがってくそびびった。カメラ回しながら誰かいますか！って叫びながら家近づいたら「助けて」って声聞こえて、ツレと敷地内に突入して子供2人と女性1人運び出した。煙吸ったからか頭痛い。

#吉成　#火事 ",1209539802250432519,positive,G_510S,100.0,192.0,,https://t.co/Ov3SEK92Ri
2019-12-25 00:00,,5357.0,"🎅メリィクリスマアアアアアアアアアアァァァァァァァァァァアアアアアアアアアアァァァァァァァァァァアアアアアアアアアアァァァァァァァァァァアアアアアアア

『#コマンドー』4Kニューマスター吹替版🎬公開中&amp;順次ロードショー！
🌐 ",1209489105777823745,positive,4kCommando,31.0,58.0,,https://t.co/9YPhd7TuAR
2019-12-25 08:16,,6250.0,ゾンビが「理性を失って本能のままに行動する」というパターンの場合、大体のゾンビは「一日中、布団から一歩も動こうとしないゾンビ」とか「外に出て人間を食べようと思ったけど、かったるいから戸棚にあったポテチを食べて夕飯を済ませた事にするゾンビ」とかになるのではないか。パニック起きなそう,1209613936565215232,negative,f7XV175oOUkTXYc,206.0,98.0,,
2019-12-25 08:14,,5043.0,オリオン座のベテルギウスが急に暗くなったぞ！という話。太陽の20倍くらいの恒星では水素→Heの元素変換が終わりHe→炭素になるあたりで赤色巨星になり、炭素→ネオンが1000年、ネオン→Siが1年、Si→鉄が2日で終了して爆発する。このときネオン→Si反応で急激に収縮して暗くなるので爆発間近か？と。 ,1209613448725745664,negative,aruto250,86.0,82.0,,https://t.co/SwV6SAel0B
2019-12-25 07:36,,96970.0,"これは、結構大事件になる予感なのに、いつもは、疑惑だけで大騒ぎする野党が黙りなのはなぜ

秋元司議員を収賄で立件へ　ＩＲ参入絡み、現金受領疑い ",1209603884013907968,negative,nipponichi8,99.0,88.0,,https://t.co/i21qeB9ah6
2019-12-25 07:21,,20485.0,"睡眠について病院の先生から聞いた話

①基本的に若い人は最低7時間の睡眠が必要

②5～6時間睡眠の人は、酒2杯飲んでる状態に等しい

③睡眠削って体に影響ないと思ってる人は数年後集中力、体力が驚くほど低下する

④5～6時間以下の睡眠は精神面も落ち込む 

7時間寝ましょうということみたいです。",1209599951874904064,negative,TOMOKIN_Voice,79.0,65.0,,
2019-12-25 03:53,,3047.0,技術は全て外注に出してコストダウン！というのが流行したんですが、自社内で開発しないと技術力が落ちて「外注に頼んだものが正しくできているか判定できない」→「外注に依頼するための仕様が作れない」→「そもそも何が作れるのか分からなくて頼めない」と、壊滅状態に陥った企業が続出しました。 ,1209547632974028800,negative,yoshimatsuTUQ,149.0,118.0,,https://t.co/pJb8BsNKtv
2019-12-25 01:15,,38697.0,ポケモン ソード シールド、クリスマスはワイルドエリアの天候が全て「雪」になるという、ロマンチックな仕様に #ポケモン剣盾 ,1209507914609651712,negative,pokemon_memo,49.0,37.0,,https://t.co/bUh5Ks0n1v
2019-12-25 00:23,,1059.0,"お〜〜〜い！！！！錦糸町のホームで彼氏とバイバイした女〜〜〜い！！！！

お前の彼氏大イキリかましてたぞ！！！！！やめとけ ",1209494915542999041,negative,NRtama_DRS,61.0,55.0,,https://t.co/TEZsC00hMn
2019-12-23 22:25,,251093.0,"「#クリスマス音楽祭2019」放送中！
再び登場 #NEWS の皆さんから
本番直前に見どころを聞きました！
＃CDTV  #生放送 ",1209102607085498370,positive,TBSCDTV,20.0,105.0,,https://t.co/lfxPYXbbjz
2019-12-23 22:23,,5303.0,"寒くなってきて缶のコーンスープを飲む人たちに教えてあげたいんですが、こんな感じで飲み口の下を少し凹ませると粒めっちゃ出てきます。

流体力学に基づいた超正攻法の攻略法なんだとか。

粒めっちゃ出てきます。 ",1209102243569401856,positive,CPAKO999,20.0,54.0,,https://t.co/Rahw0NWfbx
2019-12-24 05:05,,1465.0,"ついに不登校が “futoko” と英単語になりました。
その原因は子供個人ではなく、日本の学校システムにあるとはっきりと書かれています。個人の人権を侵害するものだ、とも。
これが世界からの現実的な視点です。
",1209203381744484353,negative,InNadeshikoWay,125.0,93.0,,https://t.co/9V56jhDFYC
2019-12-23 08:20,,52.0,大黒摩季さん、記者が二人でいると不幸になるから別れたんですか？みたいな失礼な質問に、「子供いない夫婦が不幸みたいに聞こえるから、言葉に気をつけた方がいいですよ」て返しがかっけぇーーーー！！！✨その通りだよ！子供いない=可哀想、不幸みたいな構図はおかしいよ！,1208890058985500673,positive,3Bn2GIT9fFVdiba,134.0,174.0,,
2019-12-23 08:15,,1419.0,最近、娘と「省略しない男」という寸劇をして遊んでいる。「お父さんは『絶対に省略しない男』として有名ですが」「省略しないですね」「これはさすがに『DVD』ですよね？」「これは『デジタルバーサタイルディスク』ですね」「すごーい！ ほんとに省略しないんですね！」「省略した事ないです」,1208888938108198923,positive,hiro8823,30.0,70.0,,
2019-12-23 03:27,,14872.0,昔からこの手の現象は恐れられていたようで、山の妖怪譚のよくあるものに「山では絶対に食料を一口残せ。歩き続けていると急に体が重くなったり、頭にモヤがかかったようになることがある。これは餓鬼がついている。食べ物を口に入れると祓える」って形のものがあって、その正体が低血糖なのだ。,1208816335645339648,positive,North_ern2,76.0,92.0,,
2019-12-23 01:53,,15639.0,"雑誌の売れ行き(出版科学研究所調査2019)

1996　1兆4261億円
2000　1兆4261億円
2005　1兆2767億円
2008　1兆1299億円
2009　1兆864億円
2010　1兆536億円
2011　9844億円
2012　9385億円
2013　8972億円
2014　8520億円
2015　7801億円
2016　7339億円
2017　6548億円
2018　5930億円",1208792651480219648,positive,obenkyounuma,53.0,90.0,,
2019-12-23 01:49,,120601.0,"今週もご覧いただきありがとうございました！
来年の #Lovemusic は

#森高千里 さんの熊本コンサートに密着！

さらに、来年1月デビュー
#SixTONES と #SnowMan が
総勢15名で音楽トーク！

そして、来年結成15周年の
＃SUPERJUNIOR のSPインタビュー！

来年もお楽しみに！

",1208791557769351168,positive,lovemusic_fuji,23.0,128.0,,https://t.co/Z4Sz7o3uag
2019-12-23 01:36,,226.0,"この一気コール、大好きすぎて頭から離れないんだけど😂笑

#M1グランプリ2019 
#すゑひろがりず
#すえひろがりず ",1208788500721459200,positive,1567P,20.0,46.0,,https://t.co/ICZfEyJbvl
2019-12-23 00:49,,268669.0,#やべっちFCTwitter1時間プレゼントチャレンジ #日本代表橋岡大樹・上田綺世・小川航基・遠藤渓太サイン入りユニフォーム このツイートを１時間以内にフォロー＆リツイートした人の中から抽選で各１名様にプレゼント引用リツイートで希望選手を記入してください当選者には12月24日までに連絡します ,1208776594988253185,positive,yabecchifc_5ch,1.0,13.0,,https://t.co/9lBvzLM3e7
2019-12-23 00:48,,268669.0,#やべっちFC #Twitter1時間プレゼントチャレンジ #フットサル対決両チームサイン入りユニフォーム このツイートを１時間以内にフォロー＆リツイートした人の中から抽選で各１名様にプレゼント！引用リツイートで希望チームを記入してください当選者には12月24日(火)18:00までに連絡します ,1208776436728786946,positive,yabecchifc_5ch,3.0,21.0,,https://t.co/95S8UifBXl
2019-12-23 00:47,,268669.0,#やべっちFC #Twitter1時間プレゼントチャレンジ #五輪オールスターズ７選手サイン入りシューズ このツイートを１時間以内にフォロー＆リツイートした人の中から抽選で各１名様にプレゼント！引用リツイートで希望選手を記入してください当選者には公式アカウントから12月24日18:00までに連絡します ,1208776090082168832,positive,yabecchifc_5ch,4.0,22.0,,https://t.co/iWShBS4RFu
2019-12-23 08:45,,21416.0,"中国の北東部のある農場で地元のギャングがアフリカ豚コレラの感染を広げるためにドローンを使って病原菌を落とそうしてきたのを農場のオーナーが強力なジャミング機器で防ごうとしたら近くの飛行場から注意を受けてこの争いが発覚したというSCMP紙の記事。状況がカオスすぎ。
",1208896291385700352,negative,masatheman,117.0,68.0,,https://t.co/QnfWU6Rf8F
2019-12-23 06:12,,29055.0,「いじめられる側に原因はない」んじゃなくて「いじめられる側に原因があったとしてもいじめてはいけない」の。「原因はない」論だと「いじめられる側に原因がある場合はいじめではない」と言い逃れができちゃう。,1208857986208190464,negative,marxindo,224.0,118.0,,
2019-12-20 00:52,,1377.0,上皇様はまだご存命なのに急に国民に誕生日を祝われなくなってかわいそうだと思うのでみんな休みましょう,1207690204204503040,positive,saradisk,37.0,92.0,,
2019-12-20 00:31,,1345.0,"同棲してた彼女に
｢私の事信用出来ないの？｣って言われてキャッシュカード渡したら

この日4万、次の日8万、その次2万ってひと月で50万使われた話する？",1207684866147356672,positive,j1kazy,100.0,104.0,,
2019-12-20 00:06,,75875.0,"改めて、1話から最終話まで過去のアンクの言葉を…、今改めて、アンクとして魂を吹き込みました。オーズを、今も大切にしてくださる皆様に
「ただのメダルの塊」を生かして頂ければ嬉しく思います。 ",1207678610074750981,positive,ryosukemiura216,20.0,70.0,,https://t.co/sscGwopjEu
2019-12-20 00:02,,174813.0,"ついに本日‼️
#サザンオールスターズ の楽曲が、全曲ストリーミング配信スタートとなりました‼️🎊✨
#サザン の全シングル&amp;アルバムに加え、メンバーソロ作品も一斉に配信スタートです🎉✨
その数なんと900曲超え‼️
いつでも、どこでも、サザンの音楽と共にお過ごし下さい✨

",1207677486185766912,positive,sasfannet,21.0,79.0,,https://t.co/kKy86MjDh4
2019-12-20 00:01,,7288.0,"／
ワールドトリガー 
1月6日まで9巻無料🎊
＼

こんなチャンスは滅多にない！？
お友達も誘って年末年始はみんなで一緒に読みましょう😀
#ワールドトリガー",1207677357940707328,positive,jump_bookstore,24.0,99.0,,
2019-12-19 23:27,,2525280.0,"私には荷が重かったです。。
自分以外のゴチメンバーのクビを見届けるのがこんなに辛いとは、、、
ケンティー太鳳さん本当にお疲れ様でした。
終わってから写真撮ろって言って明るく振る舞ってくれたゴチメンバーの優しさに感動です。
本当に最高のメンバー。
写真はケンティーが撮ってくれました。 ",1207668812650291200,positive,H_KANNA_0203,36.0,62.0,,https://t.co/k8k1jg9oyP
2019-12-19 22:38,,27770.0,へ〜〜ポチャッコのクッキーを？？自分で？？ふーん…ふ〜〜ん…（買います） ,1207656479236354048,positive,yesyesyoung,16.0,28.0,,https://t.co/yWoIwDQQnI
2019-12-20 01:42,,26258.0,"詩織さんに関して「もう女と酒を飲まない方が良い。これで少子化が進みそう」とリプしたおじさん、限界過ぎ。
女と酒飲む＝性行為という認識が誤りだし、合意の無い性行為＝強姦だと理解してなさそうなのも危険。全てを間違えているが、君が”もう女と酒を飲まない方が良い”という決意だけは正しいよ。",1207702734301851648,negative,evahpfbgkotk,139.0,123.0,,
2019-12-19 23:30,,4988.0,"「山口さんが考える性的合意とは、どういったものか？」との質問には「明確に性行為に合意はありました」と答え、「（伊藤さん）ご本人から、そういう（合意の）言葉はあったか」との質問にも「はい」と答えた。

この部分を質問したのは私なのですが、（続

",1207669507638120449,negative,Vie0530,143.0,100.0,,https://t.co/fkCKPyufgo
2019-12-19 23:10,,260.0,なんかTBSのバラエティ番組（有吉ジャポン）のスタッフが、理由は不明だがドールオーナーにTwitterで接触を図っているらしい。それに対して多くのオーナー達が警戒を示しているのだが、さもありなん。編集でいくらでも切り取れるTVメディアに、どう使われるか分かったものではない。 ,1207664558531203072,negative,neko_teitoku117,119.0,73.0,,https://t.co/JbGa1EQeHk
2019-12-19 21:33,,521.0,"かんぽ不祥事ワロタ。

日本郵政『訴状が届いていないのでお答えできない』って...

...お前が届けるんやで?",1207640001413910528,negative,bukasnmn,45.0,40.0,,
2019-12-28 08:56,,959187,"【鬼滅の刃コラボ中！】
ローソン国際展示場駅前店では1日限定で「鬼滅の刃」コラボを実施中です！

キャラクタースタンディやポスターの展示、また入店音が炭治郎・禰豆子・善逸・伊之助のボイス（ランダム）となっておりますのでぜひチェックしてください！

#鬼滅の刃 ",1210710961771859968,positive,kimetsu_off,16,20,,https://t.co/TgagYYCcAU
2019-12-28 08:48,,662586,"朝から気分悪くしてごめんなさい。
はっきり申し上げます。
飲み屋のモラルやマナーを知らない人が本当に多すぎる。
文句があるなら来なくて大丈夫です。
私たちはボランティアでもなんでもないので。
年明けからこんなこと言いたくないから
年明ける前に過去のまとめたのを置いておきます。 ",1210709023726526464,positive,takuya_hyon,130,182,,https://t.co/BeaCWjpNg4
2019-12-28 08:34,,288626,"若月健矢選手、立花理香さん

ご結婚おめでとうございます！
末長くお幸せに✨

バファローズ㊗️ポンタ",1210705650491113472,positive,bs_ponta,3,67,,
2019-12-28 08:25,,2221569,"ONE PIECEと僕たち嵐がコラボレーションさせていただいた、新曲「A-RA-SHI：Reborn」のミュージックビデオは1週間後にリリース！
The ""A-RA-SHI: Reborn"" music video, illustrated by One Piece, is out in ONE WEEK!
 #嵐 #ARASHI ",1210703193405046786,positive,arashi5official,36,118,,https://t.co/hHobubpb16
2019-12-28 08:22,,175131,【ご報告】この度、みなさまにご報告したいことができました。ぜひご覧いただけますと幸いです。 ,1210702646509588480,positive,RiccaTachibana,13,117,,https://t.co/hR8m5IHoBD
2019-12-28 08:00,,959187,"【#本日12月28日は竈門禰豆子の誕生日!!】
本日は、鬼でありながら鬼殺隊に所属する
炭治郎自慢の妹・竈門禰豆子の誕生日です！

この特別な日を祝して、
禰豆子の魅力が詰まったヘッダーをプレゼント！

人を守るために鬼の力を使う
禰豆子のヘッダー、ぜひご活用ください！ ",1210696997839110144,positive,kimetsu_off,15,85,,https://t.co/gOF5Qp6woi
2019-12-28 07:10,,12309,"「鬼滅の刃」グッズプレゼント🎉

大好評のため第2段
シリーズ累計2500万部記念
鬼滅の刃 全18巻セット
を10名様にプレゼント🎁

応募方法
・フォロー&amp;リツィート
・「応募」とリプ

応募期間
・12月31日

当選した方にはDMにてお知らせ！ ",1210684401157206016,positive,kimetsu_goods,16,30,,https://t.co/xEvX9hhyVv
2019-12-28 02:49,,3398,"アニメーター始めてから初めてキャベツを描いた、妙なプレッシャーがあった
#炎炎ノ消防隊 ",1210618724517990400,positive,varon666,32,76,,https://t.co/T8n6PkLNrM
2019-12-28 02:07,,79744,"🔥“弐ノ章”制作＆2020年夏放送決定🔥

壱ノ章の続編となるTVアニメ『炎炎ノ消防隊 弐ノ章』の制作が決定しました！

さらに“弐ノ章ティザービジュアル”も発表！

2020年も炎炎の炎はますます燃え続けます🔥🔥

『炎炎ノ消防隊 弐ノ章』ご期待ください！！

#fireforce #炎炎ノ消防隊 #弐ノ章 ",1210608126434500608,positive,FireForce_PR,24,88,,https://t.co/GYiyzRJh8g
2019-12-28 00:15,,992784,"【祝】12月28日は「竈門禰豆子の誕生日」

『鬼滅の刃』の登場キャラクターで、主人公・竈門炭治郎の妹。物語開始時12歳→14歳。家族と慎ましくも幸せな生活を送っていたが、突然の惨劇により鬼に変貌してしまう。人を喰らう鬼としての衝動を抑え込みながら、炭治郎や仲間のために行動する。 ",1210579841025789952,positive,livedoornews,12,73,,https://t.co/tjaXvhGNhx
2019-12-27 23:00,,851542,【グランブルーファンタジー】本日12/27 24:00より「GRANBLUE FANTASY The Animation Season 2」第12話放送！放送を記念して【宝晶石3000個】をプレゼント！ #グラブル #アニメグラブル ,1210560983346737152,positive,granbluefantasy,17,96,,https://t.co/d3WAjcpjQi
2019-12-27 22:54,,7769,"コミケ会場で「プライスカードを忘れた😭」となった場合、落ち着いて机の上にあるチラシ類を見てみて下さい。
全てのサークルさんの机の上に、プライスカードを置いてきましたから😋

＊不要でしたらごめんなさい ",1210559641823793152,positive,ShimayaTokyo,40,135,,https://t.co/K6hkphQPyZ
2019-12-27 22:54,,1689,「ボーボボって何？何なのあのアフロ？」って人のために分かりやすいスターターセットを貼っておきますね ,1210559549230305280,positive,Ponzu_SHT,37,56,,https://t.co/p45b4xI0O5
2019-12-27 22:26,,86413,チュートリアルでお世話になったキャラが実は最強の裏ボスっていうゲーム ,1210552542595178498,positive,black_sabasu,31,53,,https://t.co/fmpOzu0ZI3
2019-12-27 22:12,,1247806,"Mステ #ウルトラSUPERLIVE 
11時間生放送中🎤

女々しくての10周年のお祝いに駆けつけてくれたのはなんと
#ボボボーボ・ボーボボ
でした‼️

#ボボボーボ
#ボーボボ
#ウルトラタモリ
#Mステ ",1210549021443379200,positive,Mst_com,21,28,,https://t.co/vVw0I7oe3U
2019-12-27 22:04,,7109,"クソワロ

女々しくて発売10年で人気キャラが駆けつける・・・

ボボボーボ・ボーボボｗｗｗｗｗｗｗｗ

#Mステ
#金爆 ",1210547002594840577,positive,k3po7gouki,18,31,,https://t.co/CeUyS6XYj0
2019-12-27 21:50,,192109,"なにわ男子「2019年ありがとうございました！」
アオハルツアー愛知公演でしたー！
2019年のコンサートを締めくくることができました！

なにふぁむのみなさんへ

｢最高な1年をありがとう♡｣

なにわ男子からの報告事も！
",1210543508886441985,positive,islandtv_up,61,296,,https://t.co/belGV1kQVK
2019-12-27 21:36,,173147,"昨日は恩師であり、恩人であり、ホンモノの小栗旬さんのお誕生日だったので、夜中に正装で会いに行きました。

おめでとうございまーきのっ！ ",1210539839268913152,positive,hinode_obt,14,50,,https://t.co/EjDJiKpKCI
2019-12-27 21:11,,73883,"＃嵐 松潤さんに、

「ゴーちゃんってオス？」

とも聞かれたブイ！

松潤さんが思うほうでOKブイ

＃ウルトラSUPERLIVE   
＃Mステ
＃ウルトラゴーちゃん",1210533697167867906,positive,gochan_V,24,88,,
2019-12-27 21:06,,25816,『ノンストップ・ストーリー』ライブキービジュアル用にホロライブメンバー23名を描かせていただきました。おるだんさんデザインの衣装が素敵すぎる😭✨ライブ今から楽しみだ～！ ,1210532392407977984,positive,naru_quadrille,20,119,,https://t.co/hx5ZW8F3ki
2019-12-27 21:00,,73883,"＃嵐 松潤さんは、

「いつも同じ人が入ってる？」
「何人かいるの？」
「暑くない？」

とか話しかけてくれたブイ！正直質問の意味はよく分からなかったけど、とにかくお話できて本当にうれしかったブイ！

＃ウルトラSUPERLIVE   
＃Mステ
＃ウルトラゴーちゃん",1210530972006936576,positive,gochan_V,11,87,,
2019-12-27 20:23,,1247806,"King &amp; Princeのみなさんが #Mステカメラ 📹初登場～🤣

今日のテーマは
『今年一番盛り上がったこと』です😎Ⓜ
”あるナゾナゾ”からメンバーを巻き込んだ一大事に😂
答えは「森」なので「木が3本」でした🌲🌲🌲

今日は『koi-wazurai』を披露してくれます😍😍
#ウルトラSUPERLIVE #Mステ ",1210521643577040896,positive,Mst_com,24,122,,https://t.co/CavqHXTmVL
2019-12-27 20:13,,483854,"可愛い可愛い
かずま。ふじお。
お疲れちゃん。

#HiGH_LOW_THE_WORST
#ハイロー
#THERAMPAGE ",1210519062096138240,positive,jun_shison0305,28,133,,https://t.co/rbhNeVLE60
2019-12-27 20:00,,205712,"✨ディズニー限定デザインPRESENT✨

@lovemaybelline をフォロー&amp;
この投稿をリツイートで、

❤ラッシュニスタ N
❤ハイパーシャープ ライナー R
❤パウダーインペンシル BR2

のミッキーマウスデザイン３itemsが抽選で10名様に当たるチャンス！

応募は12/31まで🆗

#メイベリン",1210515669101338625,positive,LoveMaybelline,21,190,,
2019-12-27 19:43,,1247806,"V6のみなさんが #Mステカメラ 📹初登場～🤣

今日のテーマは
『今年一番盛り上がったこと』です😎Ⓜ
”ある後輩グループ""の話から乱入に発展!?😠
方向性を改める!?V6の来年は期待大です🤣

今日は『ある日願いが叶ったんだ』を披露してくださいました🕺
#ウルトラSUPERLIVE #Mステ ",1210511532645158913,positive,Mst_com,27,100,,https://t.co/4avbU07mSh
2019-12-27 19:41,,1271,"「鬼の手」袋を編みました。

・左手にジャストフィット！
・厚手の生地であったかい！
・妖怪退治にも使える！
・今冬のマストアイテム！ ",1210511013507784705,positive,bon_66,22,70,,https://t.co/gMeUomPodj
2019-12-27 19:17,,251499,"「刀剣乱舞 大演練」2020年8月 東京ドームにて開催決定！
",1210505051136856064,positive,stage_touken,44,50,,https://t.co/bkCBivzGVP
2019-12-27 19:17,,768166,"先輩がうざい後輩の話を描きました。【97】

#先輩がうざい後輩の話 ",1210505003737026563,positive,shiromanta1020,23,56,,https://t.co/YfdYc7pHmw
2019-12-27 19:03,,248567,"【公式HP】
「刀剣乱舞 大演練」2020年8月 東京ドームにて開催決定のお知らせを追加しました！
",1210501433478410242,positive,musical_touken,56,58,,https://t.co/Vq7Zf09WLp
2019-12-28 07:27,,221336,【注意喚起！】寝ている人から財布等を抜き取る犯罪が発生しているという連絡が警察からありました。待機列などで、皆さん声を掛け合って、注意してください。残念ながらコミケでは、4会期連続でスリの現行犯逮捕が起きています。お宝資金はしっかりと管理を。#C97,1210688744660975616,negative,comiketofficial,104,61,,
2019-12-27 19:15,,221336,コミックマーケットでは深夜来場は認めておりません。絶対に深夜来場をしないようにお願いします。すみやかにお帰り下さい。 #C97 ,1210504343675260930,negative,comiketofficial,99,70,,https://t.co/5WYAt8yOap
